特約類別,醫事機構代碼,醫事機構名稱,醫院簡稱,院區別,地址,電話區碼,電話,1月,2月,3月,4月,5月,6月,7月,8月,9月,10月,11月,12月
醫學中心,421040011,國立成功大學醫學院附設醫院,成大醫院,,台南市北區勝利路１３８號,6,2353535,7.9,7.9,7.9,7.9,7.9,7.9,7.9,7.5,7.5,7.4,7.4,7.2
醫學中心,1302050014,財團法人私立高雄醫學大學附設中和紀念醫院,高雄醫學大,,高雄市三民區十全一路１００號,7,3121101,7.7,7.6,7.8,7.9,7.8,7.4,6.9,7.2,7.3,7.8,7.7,7.2
醫學中心,1101010012,長庚醫療財團法人台北長庚紀念醫院,台北長庚,,台北市松山區敦化北路１９９號,2,27135211,7.4,7.5,7.7,7.6,7.7,7.4,7.4,7.3,7.2,7.2,7.5,7.4
醫學中心,1132070011,長庚醫療財團法人林口長庚紀念醫院,林口長庚,,桃園市龜山區公西里復興街5號、5之7號、文化一路15號,3,3281200,7.7,7.4,7.8,7.7,7.6,7.5,7.5,7.5,7.4,7.6,7.6,7.6
醫學中心,1142100017,長庚醫療財團法人高雄長庚紀念醫院,高雄長庚,,高雄市鳥松區大埤路１２３號,7,7317123,7.6,6.9,7.9,7.9,7.9,7.9,7.9,7.6,7.5,7.9,7.9,7.9
醫學中心,1131010011,醫療財團法人徐元智先生醫藥基金會亞東紀念醫院,亞東醫院,,新北市板橋區南雅南路２段２１號及高爾富路３００號,2,89667000,7.2,7.1,7.3,7.9,7.9,8,7.7,7.7,7.6,7.4,7.3,7.6
醫學中心,1131100010,財團法人基督長老教會馬偕紀念醫院淡水分院,馬偕淡水,,新北市淡水區民生路４５號,2,28094661,7.9,6.5,7.9,7.9,8,7.9,7.8,7.6,7.8,8,8,7.9
醫學中心,1137010024,彰化基督教醫療財團法人彰化基督教醫院,彰基,,彰化縣彰化市南校街135號、中華路176號、旭光路235、320號,4,7238595,8.2,7.7,8.1,8.2,8,7.9,7.7,7.7,7.8,7.5,7.5,7.8
醫學中心,1101020018,國泰醫療財團法人國泰綜合醫院,國泰醫院,,台北市大安區仁愛路４段２８０號，２６６巷６號,2,27082121,8.4,7.1,8.3,8.3,8.3,8,8.1,7.5,7.6,7.5,7.2,7.6
醫學中心,1101150011,新光醫療財團法人新光吳火獅紀念醫院,新光醫院,,台北市士林區文昌路９５號及士商路５１號１至７樓５３、５５號,2,28332211,6,6.6,8.2,8.5,8,7.5,7.8,7.7,8.4,8.5,8.2,7.9
醫學中心,1317040011,中山醫學大學附設醫院,中山醫院,,台中市南區建國北路一段１１０號,4,24739595,8.1,6.8,7.9,8.3,8.2,8.4,8.3,8.3,8,7.8,8.1,7.8
醫學中心,501110514,三軍總醫院附設民眾診療服務處,三軍總醫院,,台北市內湖區成功路２段３２５號,2,87927044,8.4,8.1,8.4,8.4,8.4,8.1,7.9,7.7,8,8.2,7.7,7.9
醫學中心,1121020014,奇美醫療財團法人奇美醫院台南分院,奇美分院,,台南市南區樹林街二段４４２號,6,2228116,8.4,7.3,8.6,8.3,8.4,8.3,8.2,8.2,7.5,8.3,8.4,7.2
醫學中心,602030026,高雄榮民總醫院,高雄榮總,,高雄市左營區大中一路３８６號,7,3422121,8,7.5,8.6,8.4,8.8,8.6,8.1,8.2,7.9,8.2,8.3,7.9
醫學中心,1301200010,臺北市立萬芳醫院－委託財團法人臺北醫學大學辦理,萬芳醫院,,台北市文山區興隆路３段１１１號,2,29307930,9.5,8.9,9.6,9.3,9.4,8.9,8.6,8.9,9.2,7.8,7.8,7.9
醫學中心,601160016,臺北榮民總醫院,臺北榮總,,台北市北投區石牌路２段２０１號,2,28712121,7.7,6.4,8.2,8.1,8.2,8.2,8,8.1,8.1,8.1,8,8
醫學中心,1101100011,財團法人臺灣基督長老教會馬偕紀念社會事業基金會馬偕紀念醫院,馬偕台北,,台北市中山區中山北路２段９２號,2,25433535,8.2,7.5,8.4,8.4,8.4,8.3,8.3,8.4,8.4,8,7.9,8
醫學中心,1145010010,佛教慈濟醫療財團法人花蓮慈濟醫院,慈濟醫院,,花蓮縣花蓮市中央路３段７０７號,3,8561825,9,8.2,9,9,9,8.7,8.7,8.1,7.6,8.1,8.3,8.1
醫學中心,617060018,臺中榮民總醫院,台中榮總,,台中市西屯區臺灣大道４段 １６５０號,4,23592525,8.1,7.4,8.3,8.6,8.6,8.7,8.5,8.2,8.2,8.3,8.3,8.4
醫學中心,1141310019,奇美醫療財團法人奇美醫院,奇美醫院,,臺南市永康區中華路９０１號,6,2812811,8.4,8,8.5,8.5,8.4,8.5,8,8.1,8.2,8.1,8.1,8
醫學中心,401180014,國立臺灣大學醫學院附設醫院,台大醫院,,台北市中正區中山南路７、８號；常德街１號,2,23123456,8.5,8,8.5,8.5,8.5,8.5,8.3,8.2,8.5,8.6,8.7,8.7
醫學中心,1317050017,中國醫藥大學附設醫院,中國,,台中市北區育德路２號,4,22062121,9.5,9.1,9.6,9.3,9.4,9.5,9.5,9.3,9.1,9.3,8.9,8.9
醫中兒醫,1101100020,財團法人臺灣基督長老教會馬偕紀念社會事業基金會馬偕兒童醫院,馬偕兒童醫,,台北市中山區中山北路２段９２號,2,25433535,6.1,5.3,6,6.2,6.3,6.2,6,5.9,5.6,5.5,5.8,5.6
醫中兒醫,1137010042,彰化基督教醫療財團法人彰化基督教兒童醫院,彰基兒童醫,,彰化縣彰化市光南里１３鄰旭光路３２０號、南校街１３５號,4,7238595,6.5,5.8,6.7,6.7,7,7,7,6.6,6.4,6.3,6.2,6.5
醫中兒醫,401180023,國立臺灣大學醫學院附設醫院兒童醫院,台大兒醫,,台北市中正區中山南路８號,2,23123456,6.9,6.4,7.3,7.7,7.5,7.4,7.2,6.7,7,7.7,7.8,7.3
醫中兒醫,1303260014,中國醫藥大學兒童醫院,中國兒童醫,,臺中市北區育德路２號、學士路９５號、學士路２號,4,22062121,9.2,9.2,9.1,9,8.8,9,9.2,9.2,9.1,9.3,8.4,8.4
區域醫院,1140030012,佛教慈濟醫療財團法人大林慈濟醫院,大林慈濟醫,,嘉義縣大林鎮平林里民生路２號,5,2648000,6.9,5.8,6.7,6.8,6.8,7,7.1,6.9,6.7,5,5,5
區域醫院,1146010014,台灣基督長老教會馬偕醫療財團法人台東馬偕紀念醫院,馬偕台東,,台東縣台東市長沙街３０３巷１號,89,310150,6.1,5.7,6.3,5.8,5.8,5.8,5.8,5.1,5.2,5.2,5.1,5.7
區域醫院,101090517,臺北市立聯合醫院,市立聯合,仁愛院區,台北市大同區鄭州路１４５號（代表）,2,25553000,6.6,4.9,6.7,6.7,6.3,6.2,6.3,6.2,6.1,6,5.8,6.1
區域醫院,101090517,臺北市立聯合醫院,市立聯合,和平婦幼,台北市大同區鄭州路１４５號（代表）,2,25553000,7,6.7,7.7,6.7,7,7.2,7,6.8,6.8,5.8,6.8,6.1
區域醫院,1331040513,衛生福利部雙和醫院〈委託臺北醫學大學興建經營〉,雙和醫院,,新北市中和區中正路２９１號,2,22490088,7.9,7.6,8.2,7.9,8,7.7,7.7,7.7,7.7,7.5,7.9,7.8
區域醫院,1131090019,行天宮醫療志業醫療財團法人恩主公醫院,恩主公醫院,,新北市三峽區復興路３９９號、中山路１９８號,2,26723456,8.6,8.5,9.2,9.1,9.3,9.3,9.1,8.9,8.6,8.8,8.8,8.2
區域醫院,1140010510,長庚醫療財團法人嘉義長庚紀念醫院,長庚嘉義,,嘉義縣朴子市仁和里嘉朴路西段６號、８號,5,3621000,7.8,6.4,8.3,8.2,8.1,8.5,8.5,8.1,7.8,7.9,8.4,8.2
區域醫院,1122010012,戴德森醫療財團法人嘉義基督教醫院,嘉基醫院,,嘉義市東區中庄里忠孝路５３９號、６４２號、保健街１００號,5,2765041,8.5,8,8.8,8.9,8.8,8.5,8.2,8.3,8.4,8.7,8.6,8.3
區域醫院,101090517,臺北市立聯合醫院,市立聯合,中興院區,台北市大同區鄭州路１４５號（代表）,2,25553000,10.1,10.1,10.5,10.5,10,9.8,9.5,9.5,9.5,8.8,9.3,8.5
區域醫院,221010019,台南市立醫院,南市立醫院,,台南市東區崇德路６７０號,6,2609926,8.4,8,8.5,8.7,8.3,8.8,8.8,8.7,8.9,9.1,8.6,8.5
區域醫院,1112010519,台灣基督長老教會馬偕醫療財團法人新竹馬偕紀念醫院,馬偕新竹,,新竹市東區光復路二段６９０號,3,6119595,9.1,8.8,8.8,9,9.3,9.3,9.1,9.4,9.2,9.2,8.5,8.6
區域醫院,937010019,秀傳醫療社團法人秀傳紀念醫院,秀傳紀念醫,,彰化縣彰化市南瑤里中山路１段５４２號,4,7256166,9.1,8.2,9.5,9.7,9.7,9.7,9.7,9.4,8.1,8.2,9.3,8.7
區域醫院,1132010024,沙爾德聖保祿修女會醫療財團法人聖保祿醫院,聖保祿醫院,,桃園市桃園區建新街１２３號,3,3613141,9.3,8.8,9.6,10.1,10.2,9.2,9.4,9,8.9,9.2,9.1,8.7
區域醫院,1141090512,奇美醫療財團法人柳營奇美醫院,奇美柳營,,臺南市柳營區太康里２０１號,6,6226999,9.3,9,9.5,9.7,9.3,9.6,9.2,9,8.8,8.8,8.8,8.7
區域醫院,1145010038,臺灣基督教門諾會醫療財團法人門諾醫院,門諾醫院,,花蓮市民權路４４號,3,8241181,9.5,9.3,9.8,9.4,9.6,9.9,8.8,8.7,9.3,8.4,8.5,8.8
區域醫院,1301170017,臺北醫學大學附設醫院,台北醫學大,,台北市信義區吳興街２５２號,2,27372181,8.5,8.3,8.9,9.4,9.6,9.6,9.2,8.8,9.6,9.3,8.9,8.8
區域醫院,412040012,國立臺灣大學醫學院附設醫院新竹分院,臺大新竹分,,新竹市北區金華里經國路一段442巷25號,3,5326151,9.8,9.8,10,10.1,10,10,9.8,9.2,8.4,8.4,8.7,8.9
區域醫院,943010017,寶建醫療社團法人寶建醫院,寶建醫療社,,屏東市空翔里中山路１２３號.屏東市自由路６５０－１號Ｂ１,8,7665995,6.4,5.4,6.7,7,6.8,7.1,7.1,6.9,7,6.7,9.5,8.9
區域醫院,1131050515,佛教慈濟醫療財團法人台北慈濟醫院,慈濟台北,,新北市新店區建國路２８９號,2,66289779,9.4,8.5,9.4,9.4,9.6,9.5,9.5,9.2,8.9,8.4,8.9,9.1
區域醫院,1142120001,義大醫療財團法人義大醫院,義大醫院,,高雄市燕巢區角宿里義大路１號,7,6150011,9.5,9.3,9.7,9.9,9.9,9.7,9.9,9.7,9.7,9.4,8.9,9.2
區域醫院,902080013,阮綜合醫療社團法人阮綜合醫院,阮綜合醫療,,高雄市苓雅區成功一路162號.四維四路136號.166號.永昌街49號,7,3351121,9.2,8,9.7,9.7,9.7,9.8,9.5,9.2,9.2,9.5,9.9,9.3
區域醫院,434010518,國立陽明大學附設醫院,陽大醫院,,宜蘭縣宜蘭市新民路１５２號,3,9325192,9.8,9.4,9.6,9.6,9.4,9.6,9.9,9.9,9.3,9.3,9.3,9.4
區域醫院,1111060015,長庚醫療財團法人基隆長庚紀念醫院,長庚基隆分,,基隆市安樂區麥金路２２２號基金一路２０８巷２００號,2,24313131,9.3,8,9.4,9.2,9.1,9,9.2,9.2,9.3,9.2,9.3,9.4
區域醫院,1143010012,屏基醫療財團法人屏東基督教醫院,屏基醫療,,屏東縣屏東市華山里大連路６０號,8,7368686,10.1,9.9,10.1,10,10.1,10,9.5,9.2,9.6,9.8,9.3,9.4
區域醫院,1101160017,振興醫療財團法人振興醫院,振興醫院,,台北市北投區振興街４５號,2,28264400,8.6,8.1,9.6,10,10.1,10,9.9,9.8,9.7,10.3,9.8,9.7
區域醫院,132010014,衛生福利部桃園醫院,桃園醫院,,桃園市桃園區中山路１４９２號,3,3699721,10.6,9.4,10.4,10.6,10.3,10.4,10.9,10.6,10.3,10.3,10.4,10.1
區域醫院,141270028,衛生福利部嘉南療養院,嘉南療養院,,臺南市仁德區仁德里中山路８７０巷８０號,6,2795019,10.5,10.2,10.6,10.6,10.7,10.6,10.7,10.7,10.4,10.5,10.2,10.1
區域醫院,502080015,國軍高雄總醫院附設民眾診療服務處,國軍高雄總,,高雄市苓雅區建軍路５號,7,7496751,9.7,9.3,10.7,10.4,10.6,10.9,10.6,10.3,10.5,10.5,10.9,10.5
區域醫院,439010518,國立臺灣大學醫學院附設醫院雲林分院,台大雲林,,雲林縣斗六市雲林路二段５７９號,5,5323911,10.7,10.6,10.9,10.8,10.7,10.7,10.8,10.8,10.9,10.9,10.9,10.8
區域醫院,943030019,安泰醫療社團法人安泰醫院,安泰醫療社,,屏東縣東港鎮興東里中正路一段２１０號,8,8329966,10.5,9.9,10.5,10.7,10.5,10.8,10.5,10.3,10.6,10.7,10.8,10.8
區域醫院,1122010021,天主教中華聖母修女會醫療財團法人天主教聖馬爾定醫院,聖馬爾定,,嘉義市東區大雅路二段５６５號,5,2756000,9.7,7.7,10.2,10.4,10,10.9,10.4,9.5,10.1,11.3,9.1,9.2
區域醫院,101090517,臺北市立聯合醫院,市立聯合,忠孝院區,台北市大同區鄭州路１４５號（代表）,2,25553000,9.9,9.7,9.4,10.3,9.6,11,10.4,9.6,9.8,9.5,9.5,10.7
區域醫院,1442060014,財團法人台灣省私立高雄仁愛之家附設慈惠醫院,慈惠醫院,,高雄市大寮區後庄里鳳屏一路５０９號,7,7030315,9.9,9.1,11.1,10.6,11.2,9.7,9.4,8.5,8.7,9.5,9.4,8.9
區域醫院,101090517,臺北市立聯合醫院,市立聯合,松德院區,台北市大同區鄭州路１４５號（代表）,2,25553000,9.7,9.8,10.1,10.8,11.5,11.1,10.7,10.8,10.9,10.9,10.9,10.3
區域醫院,143010011,衛生福利部屏東醫院,屏東醫院,,屏東縣屏東市自由路２７０號,8,7363011,10,9.4,11.1,11.1,10.8,11.1,10,9.6,9.7,10.8,10.9,10.3
區域醫院,102070020,高雄市立大同醫院（委託財團法人私立高雄醫學大學附設中和紀念,大同醫院,,高雄市前金區中華三路６８號,7,2911101,10.1,9.7,10.8,11.2,11.4,11.7,11.3,10.7,10.1,10.5,10.5,9.9
區域醫院,1234020011,財團法人天主教靈醫會羅東聖母醫院,羅東聖母醫,,宜蘭縣羅東鎮中正南路１６０號,3,9544106,11,10.7,11.7,11.6,11.7,11,10.6,10.5,10.2,10.2,10.3,10.1
區域醫院,131060029,衛生福利部臺北醫院,衛福部台北,,新北市新莊區思源路１２７號,2,22765566,10.9,10.6,11.2,11.3,11.1,11.1,11,10.8,10.4,10.3,10.2,10.2
區域醫院,1102110011,高雄市立小港醫院（委託財團法人私立高雄醫學大學經營）,小港醫院,,高雄市小港區山明里山明路482號B1-10F,7,8036783,10.1,10.3,9.9,10.4,10.3,10.6,10.3,11.5,11.6,11.4,11.2,11.3
區域醫院,101090517,臺北市立聯合醫院,市立聯合,陽明院區,台北市大同區鄭州路１４５號（代表）,2,25553000,11.6,10.8,11.4,11.8,11.5,11.6,11.2,11.2,11.1,10.8,10.7,10
區域醫院,135010016,衛生福利部苗栗醫院,苗栗醫院,,苗栗縣苗栗市為公路７４７號,37,261920,17.6,14.1,16.6,11.6,11.2,11.1,11.7,12.3,12.1,11.8,11.7,11.1
區域醫院,102080026,高雄市立凱旋醫院,市立凱旋醫,,高雄市苓雅區凱旋二路１３０號,7,7513171,11.4,11.3,11.9,11.9,11.7,11.4,11.6,11.5,11.4,11.5,11.2,11.2
區域醫院,138030010,衛生福利部草屯療養院,草屯療養院,,南投縣草屯鎮玉屏路１６１號,49,2550800,12.2,12.6,11.9,11.6,12,12.3,11.7,12,11.7,12.2,11.8,11.8
區域醫院,131230012,衛生福利部八里療養院,衛福部八里,,新北市八里區華富山３３號,2,26101660,12.2,12.6,12.4,13.2,13.2,12.9,12.8,12.7,12.5,12.7,12.9,11.9
區域醫院,132010023,衛生福利部桃園療養院,桃療,,桃園市桃園區龍壽街７１號,3,3698553,14,14.1,13.5,14.2,14.7,14.3,14.1,14.7,14.7,14.9,14.1,13.6
區域醫院,501160014,三軍總醫院北投分院附設民眾診療服務處,三總北投院,,台北市北投區新民路６０號 中和街２５０號,2,28959808,16.7,14.8,16,16.4,18.2,18,17.5,17.2,17.3,17.7,16.9,16.3
區域醫院,101090517,臺北市立聯合醫院,市立聯合,林森院區,台北市大同區鄭州路１４５號（代表）,2,25553000,0.7,0.5,1,0.7,0.9,1.3,1.2,1.6,1.5,2.3,1.7,2.2
區域醫院,501010019,三軍總醫院松山分院附設民眾診療服務處,三總松山院,,台北市松山區健康路１３１號,2,27648851,4,3.7,4.9,5.6,6.5,4.4,4.8,4.7,4.8,5.3,5,4.4
區域醫院,1139030015,天主教若瑟醫療財團法人若瑟醫院,若瑟醫院,,雲林縣虎尾鎮新生路７４號,5,6337333,6,5,5.8,5.7,5.9,5.8,5.3,5.7,6.6,6.1,5.4,4.8
區域醫院,1101160026,醫療財團法人辜公亮基金會和信治癌中心醫院,和信治癌醫,,台北市北投區立德路１２５號,2,28970011,4.8,4,5.1,5.6,5.3,5.7,6,5.6,5.4,5.3,5.6,5.3
區域醫院,1105040016,台灣基督長老教會新樓醫療財團法人麻豆新樓醫院,新樓麻豆,,臺南市麻豆區小埤里苓子林２０號,6,5702228,6.6,6.1,6.5,6.8,6.8,7.1,6.2,6,6.3,5.4,5.7,5.9
區域醫院,1121010018,台灣基督長老教會新樓醫療財團法人台南新樓醫院,新樓醫院,,台南市東區泉北里東門路１段５７號,6,2748316,6.8,7,7.1,7.3,7.1,7.3,7.2,6.5,7.9,7.2,7.2,6.9
區域醫院,1101010021,基督復臨安息日會醫療財團法人臺安醫院,臺安醫院,,台北市松山區八德路２段４２４、４２６號,2,27718151,7.2,7.1,7.1,7.6,7.2,7.1,7.2,7.2,7.1,7.2,7.1,7.1
區域醫院,102020011,高雄市立聯合醫院,市立聯合醫,,高雄市鼓山區中華一路９７６號Ｂ１-９Ｆ,7,5552565,7.7,7.7,8,8.1,7.8,9.1,8.2,8.3,8.7,9.2,9.2,7.8
區域醫院,622020017,臺中榮民總醫院嘉義分院,中榮嘉義,,嘉義市西區劉厝里世賢路２段６００號,5,2359630,10.8,10.8,10.8,10.7,10.8,10.7,10.7,10.4,10.5,9.9,10.6,8.1
區域醫院,1134020019,醫療財團法人羅許基金會羅東博愛醫院,羅東博愛醫,,宜蘭縣羅東鎮南昌街８１、８３號及站前南路６１、６３號,3,9543131,8.2,7.7,8.3,8.4,8.4,8.5,8.2,7.9,8.1,8,8.4,8.2
區域醫院,1521031104,郭綜合醫院,郭綜合醫院,,台南市民生路二段１８．２０．２２．２３．２４．２５．２７號,6,2221111,9.3,8.1,9.2,9.3,9.4,9.4,8.7,9.1,9.7,9.3,9.1,8.2
區域醫院,932020025,天成醫療社團法人天晟醫院,天晟醫院,,桃園市中壢區延平路155號,3,4629292,8.7,7.4,8.6,9.4,9,8,9.1,8.6,7.7,8.3,8.2,8.3
區域醫院,917070029,林新醫療社團法人林新醫院,林新醫療社,,台中市南屯區惠中路３段３６號,4,22586688,8.2,7.6,8.4,8.8,8.9,9.1,8.3,8.7,8.6,8.5,8.1,8.4
區域醫院,1532100049,壢新醫院,壢新醫院,,桃園市平鎮區廣泰路７７號、延平路二段４３０巷１１５號,3,4941234,9,7.6,9.1,9.4,9.1,9.3,9.3,9.3,8.7,9,8.6,8.5
區域醫院,1137020511,秀傳醫療財團法人彰濱秀傳紀念醫院,彰濱秀傳,,彰化縣鹿港鎮鹿工路６號、６－２號,4,7813888,8.6,8.3,8.7,9.2,9.2,9.2,8.7,8.4,8.3,8.2,8.6,8.7
區域醫院,1305370013,臺南市立安南醫院－委託中國醫藥大學興建經營,市立安南,,臺南市安南區長和路二段６６號,6,3553111,,,,,,,,,,,,8.7
區域醫院,936030018,李綜合醫療社團法人大甲李綜合醫院,大甲李綜合,,台中市大甲區八德街２號,4,26862288,8.8,8.7,8.8,8.8,8.8,8.8,8.9,8.8,8.8,9.9,9,8.8
區域醫院,936060016,童綜合醫療社團法人童綜合醫院,童綜合醫院,,臺中市梧棲區臺灣大道八段６９９號,4,26581919,8.6,7.6,9,10.2,9.6,9.9,10.7,9.7,9.5,9.2,9.4,8.9
區域醫院,1136200015,仁愛醫療財團法人大里仁愛醫院,大里仁愛醫,,台中市大里區東榮路４８３號,4,24819900,7.5,7,8.4,8.6,8.6,9.1,8.4,8.2,8.7,8.7,8.3,8.9
區域醫院,1543010109,國仁醫院,國仁醫院,,屏東縣屏東市民生東路１２２號,8,7223000,8.2,8.5,9.3,9.3,10.3,10.8,10.7,9.4,8.6,9.1,9.7,8.9
區域醫院,936050029,光田醫療社團法人光田綜合醫院,光田綜合醫,,台中市沙鹿區沙田路１１７號,4,26625111,9.7,9.1,10,10.1,10.8,10.4,10.1,9.8,9.5,10.3,9.9,9.1
區域醫院,532090029,國軍桃園總醫院附設民眾診療服務處,國軍桃園總,,桃園市龍潭區中興里中興路１６８號,3,4799595,9.4,8.2,9.3,9.6,9.8,9.7,9.7,9.7,10,9.8,9.6,9.2
區域醫院,1139040011,彰化基督教醫療財團法人雲林基督教醫院,彰基雲林,,雲林縣西螺鎮新豐里市場南路３７５號,5,5871111,10.3,10.2,9.9,9.8,9.6,9.2,8.9,9,8.8,8.8,8.6,9.2
區域醫院,1131110516,國泰醫療財團法人汐止國泰綜合醫院,汐止國泰,,新北市汐止區建成路５９巷２號地下４樓至地上１２樓,2,26482121,8.7,7.8,8.9,8.3,9.6,9.2,9.2,9.1,9,9.1,9.2,9.3
區域醫院,1136090519,佛教慈濟醫療財團法人台中慈濟醫院,台中慈濟醫,,台中市潭子區豐興路１段６６、８８號,4,36060666,8.3,7.9,9.7,9.4,9.2,9.5,9.5,8.5,9.1,9.2,8.8,9.3
區域醫院,111070010,衛生福利部基隆醫院,衛福部基隆,,基隆市信義區信二路２６８號,2,24292525,9.6,8.8,9.6,9,9.5,10.3,9.8,9.8,10.3,10.3,9.4,9.7
區域醫院,1343030018,輔英科技大學附設醫院,輔英附設醫,,屏東縣東港鎮興台里中山路５號,8,8323146,9.2,10,10.4,10.2,9.8,8.6,10.3,8.2,9.1,9.8,9.6,9.7
區域醫院,1517011112,澄清綜合醫院,澄清綜合醫,,台中市中區平等街１３９號,4,24632000,10.2,7.4,9.1,8.9,9.6,9.7,9.6,9.2,8.8,9.9,9.7,9.9
區域醫院,545040515,國軍花蓮總醫院附設民眾診療服務處,國軍花蓮,,花蓮縣新城鄉嘉里路１６３號,3,8263151,10.2,8.1,8.4,10.3,10.1,9.1,9.7,9.8,9.6,9.8,9.8,10
區域醫院,121050011,衛生福利部臺南醫院,台南醫院,,台南市中區中山路１２５號,6,2200055,10,8.8,10,10.1,10.5,10.6,10.5,10.4,10.8,10.5,10.4,10.1
區域醫院,502030015,國軍高雄總醫院左營分院附設民眾診療服務處,國軍左營,,高雄市左營區合群里軍校路５５３號,7,5811648,9.7,8.2,10,10.3,10.1,10.2,9.7,9.2,9,9.6,10,10.1
區域醫院,1532011154,敏盛綜合醫院,敏盛綜合醫,,桃園市桃園區經國路168號、三民路三段106號,3,3179599,9.8,8.2,10.4,10.1,10.4,10.2,10.6,10.2,9.7,10.2,9.7,10.1
區域醫院,136010010,衛生福利部豐原醫院,衛部豐原醫,,台中市豐原區安康路１００號,4,25271180,10.3,8.8,10,9.5,10.3,10.7,10.9,10,10.3,10.5,9.6,10.4
區域醫院,1138020015,埔基醫療財團法人埔里基督教醫院,埔里基督教,,南投縣埔里鎮愛蘭里鐵山路１號,49,2912151,9.3,8.2,9.7,9.2,9.8,9.6,9.3,8.2,8.8,8.5,10.7,10.4
區域醫院,1533050039,東元綜合醫院,東元醫院,,新竹縣竹北市縣政二路６９號,3,5527000,10.7,10.4,10.8,10.7,10.5,10.9,10.7,10.7,10,10.4,10.5,10.5
區域醫院,1339060017,中國醫藥大學北港附設醫院,中醫北港,,雲林縣北港鎮新街里新德路１２３號,5,7837901,10.9,9.7,10.3,10.4,10.2,10.8,10.5,10.3,11.3,10.4,10.3,9.9
區域醫院,117030010,衛生福利部臺中醫院,衛部臺中醫,,台中市西區三民路一段１９９號,4,22294411,10.7,8.9,10.4,10.6,10.8,11.4,10.6,10.7,10.8,10.2,9.8,10.6
區域醫院,1231050017,天主教耕莘醫療財團法人耕莘醫院,耕莘醫院,新店院區,新北市新店區中正路３６２號,2,22193391,9.7,9.7,9.8,10.1,10,10.1,10.9,10.7,10.7,10.9,10.8,11.2
區域醫院,536190011,國軍台中總醫院附設民眾診療服務處,國軍台中總,,台中市太平區中山路２段３４８號,4,23922142,10.9,10.3,10.7,10.8,11.1,11,11.1,10.9,10.9,10.8,10.9,10.9
區域醫院,632010014,臺北榮民總醫院桃園分院,北榮桃園,,桃園市桃園區成功路三段１００號,3,3384889,11.7,11.5,10.7,11.1,11.5,9.3,10.9,11.4,10.5,10,10.4,11
區域醫院,1231050017,天主教耕莘醫療財團法人耕莘醫院,耕莘醫院,安康院區,新北市新店區中正路３６２號,2,22193391,10.3,9.8,11.7,11.9,13.6,11.6,11.7,11.7,12.7,11.8,10.4,9.9
區域醫院,1135050020,財團法人為恭紀念醫院,為恭醫院,,351苗栗縣頭份市東庄里仁愛路１１６號,37,676811,11.5,11.7,11.5,11.4,11.1,11,10.9,11.1,11.3,11.2,10.8,11
區域醫院,137170515,衛生福利部彰化醫院,衛部彰化醫,,彰化縣埔心鄉舊館村中正路二段８０號,4,8298686,11,10.7,10.8,11.3,11.6,11.9,11.9,11.3,11.6,11.8,11.7,11.2
區域醫院,1517061032,澄清綜合醫院中港分院,澄清中港,,台中市西屯區臺灣大道４段９６６號,4,24632000,11.4,11.5,11.5,10.9,12.9,12.3,12.9,11.1,11.2,11.1,11.2,11
區域醫院,131020016,新北市立聯合醫院,新北市聯醫,,新北市三重區新北大道１段３號、３之１號、板橋區英士路１９８號,2,29829111,12.1,11.4,13.2,11.1,12.2,12.6,13,11.3,11.9,12,12.2,11.5
地區醫院,1517080019,聯安醫院,聯安醫院,,台中市北屯區東光里東山路一段３７號,4,22441995,10.3,8.1,8.8,9.5,8.7,8.1,8.5,6.7,9,9.4,7.9,2.3
地區醫院,1536061114,忠港醫院,忠港醫院,,台中市梧棲區文化里中興路４９號,4,26580298,9.7,9.1,8.2,8,9.8,6.7,6.7,6.7,6.6,6.5,6.5,5.1
地區醫院,1501190031,西園醫院,西園醫院,,台北市萬華區西園路２段１８５、１８７、１８９、２６６號,2,23076968,8.2,7.6,8.7,8.6,8.6,8.8,9.3,8.2,7.9,6.5,5.5,5.5
地區醫院,1531011310,板橋國泰醫院,板橋國泰醫,,新北市板橋區忠孝路５，７，９，１１號１－３樓,2,29583333,5.2,5.7,5,5.5,5.8,5.4,5.9,5,5.2,5.6,5.9,5.8
地區醫院,1536190076,賢德醫院,賢德醫院,,臺中市太平區宜昌路４２０號,4,22732551,7,6.9,6.4,7.2,7.4,7,6.9,6.5,6.6,6.1,6.6,6
地區醫院,1145030012,佛教慈濟醫療財團法人玉里慈濟醫院,玉里慈濟醫,,花蓮縣玉里鎮民權街１－１號,3,8882718,8.6,7.7,7.7,9.4,9.1,9.5,8.2,8.4,7.6,7.5,7.5,6.1
地區醫院,1542011282,杏和醫院,杏和醫院,,高雄市鳳山區五甲二路３８９及４７０號1樓,7,7613111,5.7,5.7,5.8,5.8,5.5,5.6,5.5,5.2,5.6,5.7,5.5,6.3
地區醫院,1531041381,祥顥醫院,祥顥醫院,,新北市中和區景平路４１２、４１２之１號地上１－５層,2,29468795,6.5,6.5,6.6,6.6,6.1,6,6.7,6.6,6.7,7.1,7,6.9
地區醫院,1531071030,仁愛醫院,仁愛醫院,,新北市樹林區文化街９號,2,26834567,8.5,8.9,8.7,8.4,9,8.2,7.9,7.5,7.6,7.6,6.9,7.1
地區醫院,1507340026,上琳醫院,上琳醫院,,高雄市前金區自強一路６７號B１-７樓,7,2828668,6,6,5.3,4.7,5.3,4.6,4.9,4.3,3.8,5.9,5.7,7.2
地區醫院,1531010108,蕭中正醫院,蕭中正醫院,,新北市板橋區南雅南路１段１５－１，１７，１９號,2,29685661,11,11.3,11.7,11.3,8.3,8.5,8.2,7.8,7.8,7.8,7.4,7.2
地區醫院,1531040259,中祥醫院,中祥醫院,,新北市中和區中山路２段１３８號２－４樓１４０號及１４２號,2,22405055,6.8,6.5,6.9,6.5,6.1,6.6,6.3,5.6,5.8,6.9,7.1,7.2
地區醫院,1502041108,長春醫院,長春醫院,,高雄市楠梓區右昌街３３１號１－５樓,7,3612995,6.8,7,5.9,6,6,6,9.8,6.5,7.5,7.2,7.3,7.4
地區醫院,1134070019,宜蘭普門醫療財團法人普門醫院,普門醫院,,宜蘭縣員山鄉深溝村尚深路９１號,3,9220292,10.1,9.9,10.3,9.9,8.7,9.8,9.9,9.4,12,12.2,10.5,7.5
地區醫院,1531060046,大順醫院,大順醫院,,新北市新莊區中正路２１５號１－４樓,2,29911726,10.3,11.9,11.4,10.7,10.4,11,12,12.3,10.5,8.3,7.9,7.6
地區醫院,145030020,衛生福利部玉里醫院,玉里醫院,,花蓮縣玉里鎮中華路４４８號,3,8886141,7,7.2,7.4,7.7,7.2,6.9,7.1,7.1,6.6,7.8,7.6,7.7
地區醫院,931060016,新仁醫療社團法人新仁醫院,新仁醫院,,新北市新莊區中正路３９５號１－５樓,2,22017212,8,8.5,7.3,7.1,7.9,7.6,7.9,7,7.9,7.6,8,7.8
地區醫院,942020019,高雄市立岡山醫院（委託秀傳醫療社團法人經營）,岡山醫院,,高雄市岡山區壽天路１２號,7,6222131,7.2,7.4,8.2,7.7,8.6,8.4,8.3,7.1,7.2,6.3,7.1,7.9
地區醫院,1531061230,益民醫院,益民醫院,,新北市新莊區中港路１２７號１－４樓,2,89911050,5.8,5.2,5.1,5.1,5.9,6,6.9,7.3,7.5,7.7,7.6,7.9
地區醫院,1531140049,全民醫院,全民醫院,,新北市蘆洲區三民路７號,2,22821575,10.1,10,10.8,10.2,10.1,10.7,10.4,10.3,9.6,9.5,9.3,7.9
地區醫院,1532021338,中壢長榮醫院,中壢長榮,,桃園市中壢區環中東路150號,3,4631230,7.5,6.8,6.5,6.9,6.8,6.3,6.3,7,8.1,8,8.5,8
地區醫院,1541031048,佑昇醫院,佑昇醫院,,臺南市白河區民安路１號,6,6841999,9.1,8.5,6.8,6.8,8.3,7.6,9.7,10.5,11.2,8.1,8.1,8
地區醫院,1317040039,中山醫學大學附設醫院中興分院,中山中興,,台中市南區復興路２段１１號,4,22621652,7.2,7,7.1,7.1,7.5,7.7,7.9,7.9,7.8,7.8,8,8.1
地區醫院,1117010019,仁愛醫療財團法人台中仁愛醫院,台中仁愛,,台中市中區柳岸里柳川東路三段３６號,4,22255450,7.6,7.6,7.4,8.1,7.8,8.6,8.6,8.5,8.2,8.3,8.1,8.2
地區醫院,1522021264,安心醫院,安心醫院,,嘉義市西區新民路８８號,5,2353100,7.4,6.9,9.2,8.8,8.4,9.2,8,9,8.9,6.1,6.4,8.2
地區醫院,1536011276,新惠生醫院,新惠生,,台中市豐原區圓環北路一段３１９號,4,25228792,9.4,9.4,8.9,9.2,9.4,8.4,9,9,8.9,9.2,8.4,8.2
地區醫院,1542011237,惠德醫院,惠德醫院,,高雄市鳳山區福祥街81號１．２樓,7,8126000,8.2,7.5,5.9,8.4,6.5,6.2,8.1,9,7.5,8.3,8.7,8.3
地區醫院,1536181148,泰安醫院,泰安醫院,,台中市霧峰區本堂里中正路九二八號,4,23393015,8.5,8.5,8.5,8.5,8.4,8.4,7.9,8.1,8,7.6,8.5,8.5
地區醫院,901020013,中山醫療社團法人中山醫院,中山醫院,,台北市大安區仁愛路４段１１２巷１１號,2,27081166,8.7,8.3,7.7,8.2,7.1,8,8,7.6,8.1,8.2,8.3,8.6
地區醫院,1517021074,臺安醫院,臺安醫院,,台中市東區進化路２０３號,4,23602000,8.9,8.2,7.5,8.1,7.2,7.8,7.7,8.4,8.4,8.1,8.6,8.6
地區醫院,1132071036,長庚醫療財團法人桃園長庚紀念醫院,桃園長庚,,桃園市龜山區頂湖路123號（代表地址）,3,3196200,8.8,6.4,9.3,9.2,9.1,8.9,8.6,8.5,9.3,9.4,8.9,8.7
地區醫院,1134010022,財團法人蘭陽仁愛醫院,蘭陽仁愛醫,,宜蘭縣宜蘭市中山路２段２６０號,3,9321888,9.3,7.2,9.5,9.4,9.8,9.6,9.7,8.7,9.4,9.7,9.3,8.8
地區醫院,1538030037,曾漢棋綜合醫院,曾漢棋綜合,,南投縣草屯鎮炎峰里虎山路９１５號,49,2314145,9.2,9.9,9.6,8.1,8.4,8.9,8.9,8.9,9.5,8.9,10,8.8
地區醫院,1538010026,南基醫院,南基醫院,,南投縣南投市中興路８７０號,49,2225595,9.1,9.4,9.8,10.3,9.1,8.9,8.1,8.1,8.2,11.1,10.1,8.9
地區醫院,1536011294,祥恩醫院,祥恩醫院,,台中市豐原區中興路３５號,4,25255522,8.3,7.9,7.8,8.6,8.5,9.5,8.6,9.2,8.5,8.4,9.9,9.2
地區醫院,543010019,國軍高雄總醫院附設屏東民眾診療服務處,國軍屏東分,,屏東縣屏東市大湖路５８巷２２號,8,7560756,11.1,10.5,9.4,11.1,11.4,11.4,11.5,10,9.9,10.5,10,9.3
地區醫院,1537150512,員林郭醫院大村分院,員林郭大村,,彰化縣大村鄉大村村田洋橫巷２９號,4,8539666,6.3,5.5,4.5,5.9,4.2,2.2,5.2,8.2,6.5,6.7,8.2,9.3
地區醫院,142030019,衛生福利部旗山醫院,旗山醫院,,高雄市旗山區大德里中學路６０號,7,6613811,9.6,8.9,9.3,9.6,9.7,9.7,10.1,9.7,9.3,9.3,8.4,9.4
地區醫院,931010016,中英醫療社團法人中英醫院,中英醫院,,新北市板橋區文化路１段１９６號１－４樓,2,22563584,10.3,11,11.8,12.2,10.3,10.6,11.8,11.4,12.2,10.5,10.7,9.4
地區醫院,1507320015,新高醫院,新高醫院,,高雄市三民區莊敬路２８８號１-９樓,7,3828814,7.1,6.8,6.6,7.1,5.4,4.7,6.3,6.1,8.7,10.5,11,9.4
地區醫院,1517050084,新亞東婦產科醫院,新亞東婦產,,台中市北區中清路１段４０３號、４０７號１樓,4,22075779,9.9,8.4,8.8,8.5,7.9,8.5,8.6,9,9.1,9.9,9.9,9.4
地區醫院,1531021165,三重中興醫院,三重中興,,新北市三重區中興北街２１號,2,29959680,9.9,9.8,9.8,10,10,10,10,10,9.3,9.2,9.8,9.4
地區醫院,1532101091,陽明醫院,陽明醫院,,桃園市平鎮區延平路二段５６號,3,4929929,10.4,10.5,10.4,10.2,10.1,10.1,10.3,10.3,10.1,8.5,9.2,9.4
地區醫院,102080017,高雄市立民生醫院,民生醫院,,高雄市苓雅區凱旋二路１３４號,7,7511131,5.2,5.6,4.9,5.3,6.9,7.1,6.5,5.4,5.4,6.9,10.9,9.6
地區醫院,1517040015,宏恩醫院,宏恩醫院,,台中市南區和平里復興路二段３８－１３號,4,22623123,8.7,10.1,9.1,9.6,8.3,8.5,8.9,9.4,10.1,9.5,9.3,9.6
地區醫院,1542010052,大東醫院,大東醫院,,高雄市鳳山區三民里光遠路１７１－２號,7,7463762,8.1,8.3,8.6,9.4,9.7,9.2,9.4,10.4,9.7,9.9,10.2,9.6
地區醫院,1531010279,板橋中興醫院,板橋中興,,新北市板橋區忠孝路１５號,2,29590707,9.8,8.8,10.3,10.8,10.9,9.4,10,9.1,9,9.3,9.5,9.7
地區醫院,1532101108,宋俊宏婦幼醫院,宋俊宏婦幼,,桃園市平鎮區民族路１９９號,3,4020999,13,12.8,13.6,12.3,11.8,13,10.7,10.7,10,11.3,0,9.7
地區醫院,1502061208,新華醫院,新華醫院,,高雄市新興區七賢二路９７號地下１層，地上１至４層,7,2876080,9.5,11.4,9.8,9.5,9.7,10,9.9,9.7,11.6,9.8,9.8,9.8
地區醫院,1532070019,大明醫院,大明醫院,,桃園市龜山區龜山里萬壽路二段９６４號、９６６號,3,3202792,7.4,7.7,6.9,8.3,9,9.9,8.9,8.9,8.5,11.2,10.2,9.8
地區醫院,1511060040,暘基醫院,暘基醫院,,基隆市安樂區基金一路１２９巷８號地下１、地下２及１至５樓,2,24322522,6.2,11.5,11.9,12.2,12,12.3,12.4,11.6,9.1,9.6,9.6,9.9
地區醫院,1517051107,勝美醫院,勝美醫院,,台中市北區平等里五權路４８０．４８２號,4,22013333,10.5,10.3,9.8,9.6,9.8,9.7,10,10.7,9.9,8.1,9.9,9.9
地區醫院,1502081175,邱外科醫院,邱外科醫院,,高雄市苓雅區成功一路１３７號１－６樓,7,3364131,8.4,6.7,7.4,6,6.8,8.9,9.2,8.4,8.8,10.5,10.4,10.1
地區醫院,1505340019,大安婦幼醫院,大安婦幼醫,,臺南市中西區金華路三段１６７號１、２、３、４樓,6,2278899,8.5,7.5,7.7,10.4,9.7,9.9,9.5,8.3,9.4,10,10.8,10.1
地區醫院,1531041390,怡和醫院,怡和醫院,,新北市中和區連城路４９號１至４樓,2,22450009,8.1,6.7,8.1,9.2,9.8,9.1,10.5,10,10.3,9.9,10,10.1
地區醫院,937050024,惠來醫療社團法人宏仁醫院,宏仁醫院,,彰化縣員林市惠來街８９號,4,8375878,9.6,9.1,8.7,9.6,9.8,10.4,10.2,10.7,10.4,10.3,10.8,10.2
地區醫院,1145060029,臺灣基督教門諾會醫療財團法人門諾醫院壽豐分院,門諾壽豐分,,花蓮縣壽豐鄉共和村魚池５２號,3,8664600,8.9,6.6,10,10.3,9.8,10,9.6,9,10.6,10,9.5,10.2
地區醫院,1532091081,龍潭敏盛醫院,龍潭敏盛醫,,桃園市龍潭區中豐路168號,3,4794151,11,8.4,9.1,9.9,8.5,9.2,10.3,9.1,9.6,9.8,10.1,10.2
地區醫院,1502091340,瑞祥醫院,瑞祥醫院,,高雄市前鎮區班超路９２號地下１樓，地上１－７樓,7,7717503,11,11.1,11.2,11.2,10.9,10.6,10.6,10.3,10.9,11.1,10.5,10.4
地區醫院,701160518,臺北市立關渡醫院-委託臺北榮民總醫院經營,關渡醫院,,台北市北投區知行路２２５巷１２號,2,28587000,10.1,11,9.8,9.6,11,11.1,11.3,11.2,9.8,9.7,10.9,10.5
地區醫院,943020013,安泰醫療社團法人潮州安泰醫院,潮州安泰醫,,屏東縣潮州鎮三星里四維路１６２號,8,7800888,10.1,10.7,10.9,9.6,10.9,11.1,11.4,8.8,9.3,8.5,8,10.5
地區醫院,1502051426,四季台安醫院,四季台安醫,,高雄市三民區聯興路１５７號，聯興路１４５巷１號１－３樓,7,3983000,7.8,7.3,11.9,11.7,11.8,11.3,10.9,12.4,11.4,10.5,11,10.5
地區醫院,931010025,中英醫療社團法人板英醫院,板英醫院,,新北市板橋區文化路１段２６７、２６９、２７１號１－４樓,2,82513923,10.2,10.6,10.7,10.3,10.4,10,10.3,11.6,10.3,8.8,9.8,10.6
地區醫院,1533051063,大安醫院,大安醫院,,新竹縣竹北市博愛街３１８巷６號,3,5557188,6.9,8.4,9.3,8.8,9,8.2,7.8,7.3,6.5,9.1,8.4,10.6
地區醫院,143040019,衛生福利部恆春旅遊醫院,恆春旅遊醫,,屏東縣恆春鎮山腳里恆南路１８８號,8,8892704,6.9,8.3,9.6,11.8,10.6,10.7,10.2,10,11,11.6,12.2,10.7
地區醫院,645030011,臺北榮民總醫院玉里分院,北榮玉里,,花蓮縣玉里鎮泰昌里新興街９１號,3,8883141,12.7,13.5,11.2,11,9.9,10.7,10.6,11.8,11.8,11,10.5,10.7
地區醫院,1502031102,柏仁醫院,柏仁醫院,,高雄市左營區博愛二路三五０號（一樓至三樓）,7,5508888,10.5,10.6,9.8,9.5,9.6,9.9,9.5,10.1,10,10.2,11,10.7
地區醫院,1536060037,明德醫院,明德梧棲醫,,台中市梧棲區中正里仁美街３３巷５０號,4,26579595,9.8,8.6,10.1,9.7,8.6,9.1,9,8.8,8.8,8.6,10.2,10.7
地區醫院,1137020548,彰化基督教醫療財團法人鹿東基督教醫院,彰基鹿東醫,,彰化縣鹿港鎮鹿東路２段８８８號,4,7789595,12.2,10.8,11.1,11.4,11.1,10.7,11,10.9,10.3,11.3,11.2,10.8
地區醫院,1502020065,正大醫院,正大醫院,,高雄市鼓山區鼓山三路１２８－９號,7,5823989,6.1,8,5.6,6.9,5.3,7.4,8.1,9.9,10.7,11.8,11.4,10.8
地區醫院,1533051072,新仁醫院,新仁醫院,,新竹縣竹北市博愛街３３１號,3,5552039,7,7.2,9.3,10.9,9.1,6.7,10.2,9.2,9.7,10.2,10.3,10.8
地區醫院,1105050012,奇美醫療財團法人佳里奇美醫院,奇美佳里,,臺南市佳里區興化里６０６號,6,7263333,11.6,11.2,11.8,11.3,11.2,12.2,10.7,11.2,12.1,11.7,11.9,11
地區醫院,1532040066,怡仁綜合醫院,怡仁醫院,,桃園市楊梅區楊新北路３２１巷３０號,3,4855566,12.5,11.1,11.8,12.4,12.5,12.7,12.3,11.3,11.2,11.1,11.4,11.1
地區醫院,643130018,高雄榮民總醫院屏東分院,高榮屏東分,,屏東縣內埔鄉龍潭村昭勝路安平一巷１號,8,7704115,13.5,13.2,12.6,12.5,12.6,12.5,11.8,11.5,11,12.5,12.7,11.2
地區醫院,1503250012,宏恩醫院龍安分院,宏恩龍安分,,臺中市南區德富路１４５巷２號,4,37017188,12.2,13.3,12.1,11.1,11.2,11.2,11.2,11.2,11.1,11.2,10.8,11.2
地區醫院,1503290016,澄清復健醫院,澄清復健醫,,臺中市北屯區太原路３段１１４２號,4,22393855,11.7,11.5,10.5,10.9,10,11.2,11.2,10.7,11.5,9.5,9.9,11.2
地區醫院,638020014,臺中榮民總醫院埔里分院,榮總埔里分,,南投縣埔里鎮蜈蚣里榮光路１號,49,2990833,10.6,11.2,11.4,11,11.6,11.3,10.9,11,10.4,10.5,10.1,11.3
地區醫院,1501021193,秀傳醫院,秀傳醫院,,台北市大安區光復南路１１６巷１、３、５號１－４樓及地下１樓,2,27717172,9.6,9.1,9.2,8.9,9.6,9.7,9.7,9.4,9.6,11.4,11.2,11.3
地區醫院,1531031278,永和復康醫院,永和復康,,新北市永和區中和路５７５、５７７、５７９號１至４樓,2,29240925,10.8,10,9.3,9,8.2,11.3,10.9,11.5,10.1,11.4,10.8,11.4
地區醫院,1317020519,中國醫藥大學附設醫院台中東區分院,中國台中東,,台中市東區自由路３段２９６號,4,22121058,11,10.6,10.2,10.9,10.4,10.7,10.7,12.1,11.9,12,12.1,11.6
地區醫院,1538041156,東華醫院,東華醫院,,南投縣竹山鎮集山路三段２７２巷１６號,49,2658949,11.6,10.7,11.8,11.2,11.5,11.6,10.9,10.6,10.2,10.3,11.5,11.7
地區醫院,1536040553,清濱醫院,清濱醫院,,台中市清水區港埠路４段１９５號,4,26283995,11.8,11.7,11.9,12,11.9,12,11.9,12,11.9,12,11.9,11.9
地區醫院,1543060010,屏安醫院,屏安醫院,,屏東縣長治鄉榮華村信義路１２９號,8,7622670,11.9,11.8,11.9,11.8,11.9,12,11.8,11.1,11.9,11.9,12,11.9
地區醫院,1532020215,祐民醫院,祐民醫院,,桃園市中壢區五權里民族路二段１８０號,3,4915656,13.4,13.7,11.3,10.5,9.9,12.5,11,11.8,12.9,11.7,11.5,12
地區醫院,1532011163,德仁醫院,德仁醫院,,桃園市桃園區桃鶯路２４５號,3,3617985,11.3,10.2,9.8,11.3,12.1,10.4,11.1,11.3,11.1,10.8,10.7,12.1
地區醫院,1142010518,高雄市立鳳山醫院（委託長庚醫療財團法人經營）,鳳山醫院,,高雄市鳳山區經武路４２號,7,7418151,12,9.6,12.6,12.8,11.4,11.2,12.2,10.9,10.6,11.2,12.3,12.2
地區醫院,1522021175,盧亞人醫院,盧亞人醫院,,嘉義市西區北杏里民權路４０６號,5,2248347,8,8,9.5,8.5,8.6,7.6,9.3,9.4,8.1,11.2,12.4,12.2
地區醫院,140010028,衛生福利部朴子醫院,朴子醫院,,嘉義縣朴子市永和里４２－５０號,5,3790600,10.3,9.3,10.3,10.3,12,11.1,12,10.4,12.5,11,12.2,12.4
地區醫院,907120012,燕巢靜和醫療社團法人燕巢靜和醫院,燕巢靜和醫,,高雄市燕巢區深水路３之２０號１－５樓,7,6156555,11.5,11.2,12.5,13.5,13.6,13.6,13.6,12.5,11.5,13.6,12.5,12.5
地區醫院,1542020129,樂安醫院,樂安醫院,,高雄市岡山區後協里通校路３００號,7,6256791,12.9,12.9,12.9,12.8,12.8,12.7,12.9,12.8,12.6,12.6,12.3,12.6
地區醫院,1542051151,霖園醫院,霖園醫院,,高雄市林園區林園里林園北路２４４號,7,6413399,12.4,8.9,12.8,12.6,12.8,12.8,12.4,12.3,12.8,12.7,12.7,12.7
地區醫院,634070018,臺北榮民總醫院員山分院,員山榮民醫,,宜蘭縣員山鄉榮光路３８６號,3,9222141,11.1,11.8,11.5,12,12.6,11.7,12,11.4,11.8,12.1,12,13
地區醫院,1143150011,迦樂醫療財團法人迦樂醫院,迦樂醫院,,屏東縣新埤鄉箕湖村進化路１２２００號,8,7981511,11.4,12.1,11.9,11.4,11.9,12.7,12.4,11.3,11.4,11.4,11.9,13.3
地區醫院,1536120010,清海醫院,清海醫院,,台中市石岡區金星里石岡街下坑巷４１２號,4,25721694,12.5,13.2,11.8,12.6,12.3,12.1,12.4,12.3,12.5,13.6,13.5,13.5
地區醫院,646010013,臺北榮民總醫院臺東分院,北榮台東,,台東縣台東市南榮里更生路１０００號,89,222995,11.5,11.6,10.2,9.9,11.4,11,9.6,9.8,10,11.7,12.1,13.7
地區醫院,1531131148,恩樺醫院,恩樺醫院,,新北市土城區中央路一段７－１８號１至１０樓,2,22639955,9.2,8.9,8.8,9,9.1,9.3,9,8,8.5,8.9,8.1,7.8
地區醫院,1535010051,大千綜合醫院,大千醫院,,苗栗市大同路133號、信義路23號、恭敬路36號、信義街36號,37,357125,11.8,13.6,13.1,13.5,14.3,12.9,12.8,12.5,12.6,10.9,11.4,10.5
地區醫院,1431060017,財團法人台灣省私立台北仁濟院附設新莊仁濟醫院,新莊仁濟,,新北市新莊區中環路１段２８號,2,22015222,11.9,11.9,11.9,12,11.8,12,11.7,11.9,12,11.8,11.8,10.7
地區醫院,939010018,信安醫療社團法人信安醫院,信安醫院,,雲林縣斗六市江厝里瓦厝路１５９號,5,5223788,12.1,11.9,11.9,12.1,11.8,11.7,11.7,10.8,11.1,11.2,10.5,10.7
地區醫院,1532100012,新永和醫院,新永和醫院,,桃園市平鎮區延平路一段８１號,3,4220606,12,12.1,12.1,12.8,13.1,12,12,12.1,12.6,12.4,11.4,11.3
地區醫院,934060027,海天醫療社團法人海天醫院,海天醫院,,宜蘭縣壯圍鄉古亭路２３－９號,3,9308010,11.9,10.5,10.1,11.7,14.4,12.9,13.4,12,12.7,11.7,12.3,12.4
地區醫院,1542021171,惠川醫院,惠川醫院,,高雄市岡山區岡山路９２號,7,6229292,11.4,14,7.8,7.8,13.4,12.7,14,13.7,10.8,9.8,12.4,11.4
地區醫院,917050027,維新醫療社團法人台中維新醫院,維新醫療社,,台中市北區育德路１８５、１８７號,4,22038585,14.7,12.6,11,11.7,13.2,14.9,11,12.3,11.7,9.3,9.2,11.5
地區醫院,1542150042,高新醫院,高新醫院,,高雄市路竹區中山路６２７號,7,6975903,13.5,13.5,13.9,13.5,13.3,14,14.1,13.3,13.4,13.8,13,13.5
地區醫院,1533010017,培靈關西醫院,培靈,,新竹縣關西鎮新富里11鄰石門33之1號,3,5476399,13.4,13.1,13.7,13.7,13.7,13.8,13.7,13.8,13.7,14.8,14.9,13.8
地區醫院,1537051265,敦仁醫院,敦仁醫院,,彰化縣員林市振興里員水路１段１０２巷７４弄９９號,4,7071727,12.3,13.1,13.6,12.3,14.1,14.4,12.9,13.8,13.2,13.2,13.7,13.8
地區醫院,1532021365,華揚醫院,華揚醫院,,桃園市中壢區中北路二段３１６號,3,4577200,13.7,13.2,12.3,14.7,13.7,13.5,14.1,13.9,14,12.7,12.8,7.8
地區醫院,138010027,衛生福利部南投醫院,衛部南投醫,,南投縣南投市康壽里復興路４７８號,49,2231150,13,11.5,13.6,13.5,13,14.2,14.2,13.4,14.2,13.7,13.7,13.1
地區醫院,931090014,永聖醫療社團法人文化醫院,文化醫院,,新北市三峽區介壽路１段１９９號,2,26732885,12.7,13.3,13.7,14.8,15,14.7,14,13.9,13.7,13.8,11.1,11.4
地區醫院,1101020036,宏恩醫療財團法人宏恩綜合醫院,宏恩醫院,,台北市大安區仁愛路４段７１巷１號,2,27713161,14,14.4,14.5,14.1,12.7,13.8,13.6,12.4,12.8,12.4,13,11.8
地區醫院,1137050019,彰化基督教醫療財團法人員林基督教醫院,彰基員林基,,彰化縣員林市莒光路４５６號,4,8381456,,,,,,,,7.7,9.4,7.9,6.1,5.8
地區醫院,1536040535,陽光精神科醫院,陽光精神醫,,臺中市清水區大楊南街９８號,4,26202949,19,18.6,18.6,17.3,17.1,15.5,15.7,14.6,14.6,10.1,10.3,10.1
地區醫院,634030014,臺北榮民總醫院蘇澳分院,蘇澳榮民醫,,宜蘭縣蘇澳鎮蘇濱路１段３０１號,3,9905106,11.3,11,10.5,11,10.6,11.3,11.9,12,11,10.9,10.8,10.4
地區醫院,1537011243,明德醫院,明德彰化醫,,彰化縣彰化市龍山里中山路２段８７４巷３３號,4,7223138,14.9,14.7,15,15,15,14.9,14.9,14.9,14.9,14.9,14.9,14.9
地區醫院,1507300022,博愛蕙馨醫院,博愛蕙馨醫,,高雄市左營區博愛二路２０號１－7樓,7,8628880,,,,,,,,,,,,7.4
地區醫院,1143130019,佑青醫療財團法人佑青醫院,佑青醫院,,屏東縣內埔鄉建興村建興路２１８巷１９號,8,7705115,16,14.6,16.5,14.7,16.3,16.2,16.3,16.2,16,14.1,14.9,13.5
地區醫院,933010014,培靈醫療社團法人關西醫院,培靈醫療社,,新竹縣關西鎮新富里石門３３－１號,3,5476399,,,,,,,,,,,14.9,13.8
地區醫院,905320014,仁愛醫療社團法人仁愛醫院,仁愛醫院,,臺南市東區北門路１段１０號及北門路１段３０巷１６號,6,2213111,0,0,0,0,0,0,0,0,0,0,0,0
地區醫院,941310014,永達醫療社團法人永達醫院,永達醫院,,臺南市永康區永大路二段１３２６號,6,2311111,0,0,0,0,0,0,0,0,0,0,0,0
地區醫院,941310023,晉生醫療社團法人晉生慢性醫院,晉生醫院,,臺南市永康區中山南路９０２巷５號２樓及７號,6,2330003,0,0,0,0,0,0,0,0,0,0,0,0
地區醫院,1521030081,洪外科醫院,洪外科醫院,,臺南市中西區民生路２段６０號,6,2240011,0.1,0,0.1,0.1,0,0.2,0.2,0.1,0.1,0.1,0.1,0
地區醫院,1521050010,永川醫院,永川醫院,,台南市中區觀音里成功路１６９號,6,2245771,0,0,0,0,0,0,0,0,0,0,0,0
地區醫院,1531031250,永和振興醫院,永和振興,,新北市永和區信義路１８號１至６樓、地下１樓,2,29221161,0,0.1,0,0,0,0.2,0.2,0,0,0.2,0,0
地區醫院,1532021374,長慎醫院,長慎醫院,,桃園市中壢區中山東路二段５２５號１─２樓,3,4569779,0,0,0,0.8,0.5,1.1,1.4,0,1.3,0.2,0,0
地區醫院,1536200022,達明眼科醫院,達明眼科醫,,臺中市大里區中興路二段４８８、４９０號,4,24851437,0,0,0,0,0,0,0,0,0,0,0,0
地區醫院,1537051247,員生醫院,員生醫院,,彰化縣員林市新生里莒光路３５９號,4,8339595,8.8,8.7,8.9,9.1,9,9.2,9.1,4,9.2,7.8,0,0
地區醫院,1539060011,全生醫院,全生醫院,,雲林縣北港鎮中正路１００號,5,7832851,0,0,0,0,0,0,0,0,0,0,0,0
地區醫院,1542040050,三聖醫院,三聖醫院,,高雄市美濃區合和里合和路５６號及５８號，成功路１８２－２號,7,6818495,0,0,0,0,0,0,0,0,0,0,0,0
地區醫院,1543010056,復興醫院,復興醫院,,屏東縣屏東市民生路147-3號,8,7232323,0,0,0.9,0.7,0.3,0,0,0.2,0.6,0.9,0,0
地區醫院,1537040057,南星醫院,南星醫院,,彰化縣北斗鎮居仁里斗苑路一段２６號,4,8872178,0.1,0.1,0.1,0.1,0,0.1,0.2,0.1,0.2,0.3,0.1,0.1
地區醫院,1542030063,博愛醫院,博愛醫院,,高雄市旗山區延平一路６８９號,7,6617602,3.8,1,1.7,2.5,1.5,1.1,1.1,0.7,1.3,13.8,2.2,0.1
地區醫院,1244010018,財團法人天主教靈醫會惠民醫院,惠民醫院,,澎湖縣馬公市光復里樹德路１４號,6,9272318,0.1,0,0,0,0,0,0,0,0,0.2,0.1,0.2
地區醫院,1533030046,竹信醫院,竹信醫院,,新竹縣竹東鎮仁愛路１９６號,3,5951825,0.2,0,0.3,0,0.1,0,0.1,0.2,0.4,0.2,0.3,0.2
地區醫院,1535040068,慈祐醫院,慈祐醫院,,苗栗縣竹南鎮民治街１７號,37,476589,7.2,5.8,9,7.7,8.1,6.9,8.1,8.7,8.1,7.6,0.2,0.2
地區醫院,1542140046,長佑醫院,長佑醫院,,高雄市阿蓮區中山路150號,7,6311267,0.3,0.2,0.2,0.3,0.1,0.3,0.1,0.1,0.3,0.1,0.1,0.2
地區醫院,1502060112,原祿骨科醫院,原祿骨科醫,,高雄市新興區中正三路５２號,7,2371013,1,0.2,0.3,1,0.6,1.1,0.4,1,0.4,0.4,0.1,0.3
地區醫院,1502091297,佳欣婦幼醫院,佳欣婦幼醫,,高雄市前鎮區三多三路１４９號１１０樓,7,3312233,1.2,0.5,0.8,0.4,0.3,0.4,0.3,0.5,0.6,0.5,0.7,0.3
地區醫院,1531041363,蕙生醫院,蕙生醫院,,新北市中和區中山路２段５５１號地下１樓至地上１至６樓,2,22236339,0.3,0.2,0.3,0.3,0.3,0.4,0.5,0.3,0.5,0.5,0.4,0.4
地區醫院,1532010013,振生醫院,振生醫院,,桃園市桃園區三民路二段２８８號,3,3356156,0.1,0.1,0.1,0.5,0.6,0.6,0.3,0.3,0.3,1.5,0.1,0.4
地區醫院,1537081085,宋志懿醫院,宋志懿醫院,,彰化縣二林鎮豐田里大成路一段５１號,4,8968707,0.3,0.3,1.4,0.4,0.7,1,0.7,0.5,0.8,0.7,0.7,0.5
地區醫院,1542030116,溪洲醫院,溪洲醫院,,高雄市旗山區延平一路４０８．４１２號,7,6621985,0.7,0.3,0.8,0.4,0.4,0.6,1.1,0.9,0.4,0.7,0.8,0.5
地區醫院,1412040022,財團法人台灣省私立桃園仁愛之家附設新竹新生醫院,新生醫院,,新竹市北區興南里西門街120號,3,5265808,3.3,3.9,1.5,1.5,0.7,0.5,2.2,0.5,2.1,1,1.5,0.6
地區醫院,1146010041,天主教花蓮教區醫療財團法人台東聖母醫院,台東聖母醫,,臺東縣台東市民族里２１鄰杭州街２號,89,322833,2.5,5.2,2.2,4.1,3.1,4.2,3.2,4.2,5,1.6,0,0.8
地區醫院,1541070045,宏科醫院,宏科醫院,,臺南市善化區南關里三民路１－３５號,6,5818868,1.4,1.7,2.1,1.8,1.8,1.7,2.3,1.6,1.7,2.2,0.8,0.8
地區醫院,1537010040,信生醫院,信生醫院,,彰化縣彰化市民生里三民路３１２號,4,7251191,1.4,0.9,2.3,2,1.7,1.4,1,1.9,0.8,1.8,1.5,0.9
地區醫院,1531031269,瑞祥婦幼醫院,瑞祥婦幼醫,,新北市永和區福和路２７８號２至６樓,2,29235133,0.4,1.1,1.3,1.3,0.9,1.4,1.9,1,1.3,1.7,1.8,1
地區醫院,1502050241,民族醫院,民族醫院,,高雄市三民區民族一路８８０號,7,3462802,1.5,1.3,0.9,1.8,1,1.3,2.1,1.5,1.4,1.7,1.5,1.1
地區醫院,1537010175,冠華醫院,冠華醫院,,彰化縣彰化市光復里中正路一段４３７號,4,7255177,1.9,1.2,1.6,1.4,2.1,1.8,2.1,1.4,0.8,1.8,1.8,1.1
地區醫院,907320012,愛仁醫療社團法人愛仁醫院,愛仁醫療社,,高雄市三民區民族一路４５號１樓至４樓及４９．５１號１樓至４樓,7,3115159,1.2,0.9,1.4,1.4,0.9,1.8,1.8,2.1,1,2,1.3,1.3
地區醫院,1521040050,志誠醫院,志誠醫院,,台南市北區公園路３１５之１號,6,2210423,1.4,1.6,1.2,1.5,1.6,1.6,0.6,2.2,0.5,1.4,1.5,1.5
地區醫院,1502051364,#N/A,全民醫院,,#N/A,#N/A,#N/A,1.9,1.6,2.6,2,1.9,2.1,1.1,2.7,2.5,2.4,2.1,1.6
地區醫院,1502060149,惠仁醫院,惠仁醫院,,高雄市新興區中山一路６７．６９號之２,7,2010196,1.8,0.8,1.7,4.1,2.2,1.1,1.5,2.5,2.4,1.5,4.3,2
地區醫院,1542010141,優生婦產科醫院,優生婦產科,,高雄市鳳山區協和里自由路１８９號,7,7478629,6.8,6.3,6.3,7.1,6.3,7.2,6.5,6.3,2.7,3.7,3.1,2
地區醫院,1202080029,信義醫療財團法人高雄基督教醫院,基督教信義,,高雄市苓雅區華新街８６號,7,3321111,3.2,1.7,1.7,3.4,2.7,1.8,2.2,1.7,1.2,2.3,2.3,2.1
地區醫院,1542030018,重安醫院,重安醫院,,高雄市旗山區大德里大仁街１８號,7,6618471,1.6,2.5,1.7,3,1.9,2.7,2.4,2,2.3,2.2,1.4,2.2
地區醫院,1143040010,恆基醫療財團法人恆春基督教醫院,恆春基督教,,屏東縣恆春鎮山腳里恆西路２１號,8,8892293,2.5,1.6,3.3,2.9,2.3,2.6,2.7,1.9,2.4,3.4,2.3,2.3
地區醫院,1535081078,大順醫院,大順醫院,,苗栗縣大湖鄉中正路４８５號,37,997666,5.5,6.1,4.8,3,3,4.6,4.3,3.6,2.7,2.7,2.3,2.3
地區醫院,1536011267,漢忠醫院,漢忠醫院,,台中市豐原區中正路２１８號,4,25222209,1.2,1.7,2.4,2.6,2.6,2.2,3.1,2.4,1.9,3.2,2.6,2.3
地區醫院,1537050071,員林何醫院,員林何醫院,,彰化縣員林市中山里民族街３３號,4,8325111,3.5,3.3,4,2.8,5,2.1,3.5,3.5,5.2,2.9,2.6,2.4
地區醫院,1537080042,洪宗鄰醫院,洪宗鄰醫院,,彰化縣二林鎮西平里中正路６１號,4,8967955,3.3,3.2,3.3,2.6,2.8,2.9,2,2.2,3,3.1,4.1,2.4
地區醫院,1541050016,新生醫院,新生醫院,,臺南市佳里區新生路２７２號，２９７號１－４樓,6,7223122,0,1.4,0,0,0.1,0.9,2.4,1.7,1.9,2.5,3,3
地區醫院,1532061065,大園敏盛醫院,大園敏盛,,桃園市大園區華中街二號,3,3867521,8,4.2,5.2,5.2,5.5,4.4,3.9,7.2,6.2,7.3,6.7,3.1
地區醫院,1502051337,謝外科醫院,謝外科醫院,,高雄市三民區河北一路３３０號,7,2360121,3.1,2.9,3.1,3.5,4.1,3.5,4.9,2.9,2.6,3,3.5,3.2
地區醫院,1532020180,新國民醫院,新國民醫院,,桃園市中壢區復興路１５２號,3,4225180,3,3.8,3.8,3.4,5.2,3.6,4,3.8,3.2,3.2,3.8,3.2
地區醫院,1502040076,顏威裕醫院,顏威裕醫院,,高雄市楠梓區秀昌里後昌路８２６號,7,3639053,2.6,2.3,2.5,2.6,2.5,2.4,1.9,3.1,2.4,2.8,1.9,3.3
地區醫院,1502050045,德謙醫院,德謙醫院,,高雄市三民區九如二路１８號,7,3210981,3.1,2.8,3,2.6,2.9,2.9,3,3.2,2.8,3.3,3.8,3.3
地區醫院,1534050024,杏和醫院,杏和醫院,,宜蘭縣礁溪鄉礁溪路４段１２９號,3,9886996,5.1,2.4,4,3.8,4.1,3.8,3.4,4.7,4.8,2.8,3,3.3
地區醫院,1517070031,友仁醫院,友仁醫院,,台中市南屯區五權西路２段１９７號,4,24739995,8.8,3.2,4,4.3,5,3.9,4,4,4.1,4.9,4.1,3.4
地區醫院,1531050077,同仁醫院,同仁醫院,,新北市新店區民權路８９號,2,29170201,1.7,3.1,2.1,4.1,1.5,3.5,2.6,3,3,2.3,3.8,3.4
地區醫院,1536180061,霧峰澄清醫院,霧峰澄清醫,,台中市霧峰區甲寅里中正路１１２９號,4,23397900,4.3,3.3,4.2,5.1,3.9,3.6,4.9,4.2,4.2,4.8,4.5,3.4
地區醫院,1543110033,大新醫院,大新醫院,,屏東縣高樹鄉長榮村興中路２０８號,8,7962033,6.9,4.8,3.9,0.8,2.2,0.6,2,1.8,1.4,3,2,3.4
地區醫院,1537061065,道安醫院,道安醫院,,彰化縣溪湖鎮光平里彰水路３段３６２號,4,8852309,3.9,4.6,3.9,4.4,4.6,4.6,3.8,4.2,3.6,4,3.8,3.5
地區醫院,1541011162,信一骨科醫院,信一骨科,,臺南市新營區民生路４３－２６號,6,6350035,3.8,3.7,4.2,3.1,3.6,3.3,4.1,4.4,4,3.2,4.1,3.5
地區醫院,1542061077,樂生婦幼醫院,樂生婦幼醫,,高雄市大寮區鳳林三路５３２號,7,7862688,4.3,4.6,6,4.1,4.1,4.7,4.5,4.9,4.7,3.8,5,3.5
地區醫院,1537040066,卓醫院,卓醫院,,彰化縣北斗鎮西安里中山路一段３１１號,4,8882995,1.5,1.5,1.9,1.4,1.6,2.5,2.9,2.2,4.4,4.3,4.6,3.6
地區醫院,1538061023,新泰宜婦幼醫院,新泰宜婦幼,,南投縣名間鄉新街村彰南路５７１之１號,49,2227787,6.4,4.5,3.7,5.1,5.6,3.9,6.3,5.6,6.3,3.4,4.6,3.6
地區醫院,1501100037,協和婦女醫院,協和婦女,,台北市中山區松江路８５巷５號９３巷６號９３巷６號２樓,2,25072222,3.8,2.6,3.6,3.4,3.8,2.8,3.9,3.4,3.3,4.6,4,3.7
地區醫院,1536010046,豐安醫院,豐安醫院,,台中市豐原區中正路１１５號,4,25231180,2.2,2.1,4.6,2.5,1.8,5.2,3.1,3.9,3.3,2.1,3.1,3.7
地區醫院,1502031095,馨蕙馨醫院,馨蕙馨醫院,,高雄市左營區明誠二路五四一號,7,5586080,10.2,8.7,9.8,10.8,9.5,8.6,10.2,10.2,8.5,9.5,9.3,3.8
地區醫院,1531100027,公祥醫院,公祥醫院,,新北市淡水區英專路２１巷２５、２７號１樓中山路３８、４０號,2,26217638,3.7,3,4.1,4.4,3.8,3,4.3,3,3.5,3.5,4.6,3.8
地區醫院,146020537,衛生福利部臺東醫院成功分院,成功分院,,臺東縣成功鎮中山東路３２號,89,324112,6,1.5,5.6,2.8,5.9,5.6,3.9,6.9,3.3,4.7,3,4
地區醫院,1535031041,通霄光田醫院,通霄光田,,苗栗縣通霄鎮中山路８８號,37,759999,7,4.5,6.1,7.8,7.1,5.2,3.7,4.1,2.6,4.3,3.9,4.1
地區醫院,1537051229,員林郭醫院,員林郭醫院,,彰化縣員林市中正里三民街３８之１號,4,8356878,4.3,3.3,5.4,4.4,4.7,5.6,4.8,4.8,4.4,3,5.2,4.1
地區醫院,1517081141,博愛外科醫院,博愛外科醫,,台中市北屯區文心路３段４３１號,4,22954722,3.9,3.8,4.7,4.4,5.1,4.4,4.9,3.9,4,4.1,4.7,4.2
地區醫院,1532021285,承安醫院,承安醫院,,桃園市中壢區延平路６４３號,3,2807722,4.8,2.9,5.2,5,5.5,3.8,5.3,5.6,3.5,4.1,5.8,4.2
地區醫院,1535010024,協和醫院,協和醫院,,苗栗縣苗栗市中正路１３６７號,37,352631,5.6,6,7.3,9.2,6.7,7.5,7.5,7.7,10,4.6,7.7,4.2
地區醫院,1537070028,仁和醫院,仁和醫院,,彰化縣田中鎮中路里中州路一段１５７號,4,8742108,3.6,3.1,4.4,4.3,3.2,4.8,3.2,3.5,3.9,3.8,1.8,4.2
地區醫院,1521051179,仁村醫院,仁村醫院,,台南市中區仙草里西門路一段４８６號，４８８號、府緯街６３號,6,2152607,1.1,2.2,0.3,2,2.8,1.2,2.6,5.5,5.6,6.4,3.1,4.3
地區醫院,1532010120,桃新醫院,桃新醫院,,桃園市桃園區復興路１９５號；桃園市南海街７號,3,3325678,7.1,3.6,3.7,3.9,3.7,3.3,2.9,3.8,2.8,5.1,6.2,4.5
地區醫院,145080011,衛生福利部花蓮醫院豐濱原住民分院,豐濱原住民,,花蓮縣豐濱鄉豐濱村光豐路４１號,3,8358141,7.4,5.2,6.6,6.5,5.1,5.5,5.5,4.6,5,6.3,6.7,4.6
地區醫院,1505350015,陳澤彥婦產科醫院,陳澤彥醫院,,臺南市北區中華北路二段１０１號１、２、３樓,6,3505000,4.1,3.9,4.8,5.1,3.8,4.6,4.1,4.9,5.3,3.3,5.3,4.6
地區醫院,1507340017,中正骨科醫院,中正骨科醫,,高雄市前金區中正四路１００號地下１樓，地上１３樓,7,2855999,5.5,4.3,5.7,5.5,5.4,5.4,5.6,4.7,5.2,5.8,4.9,4.6
地區醫院,1539040019,育仁醫院,育仁醫院,,雲林縣西螺鎮延平路１６２號,5,5864574,4.2,4.8,4.6,4.3,4.4,4.8,4.7,4.3,4.3,4,3.8,4.6
地區醫院,1502060041,靜和醫院,靜和醫院,,高雄市新興區民族二路１７８號,7,2229612,4.4,4.7,5.8,6.3,5,5.4,4.8,5.2,5.3,4.2,5.2,4.7
地區醫院,1502111098,臨海醫院,臨海醫院,,高雄市小港區沿海一路店鎮里四六一號一至七樓,7,8012171,6.1,5.8,5.9,5.2,4.6,4.8,4.5,5.5,5.6,7,6.1,4.7
地區醫院,1502070029,重仁骨科醫院,重仁骨科醫,,高雄市前金區北金里中華三路２４７號,7,2813136,7.9,5.8,8.3,7.1,6.6,6,6,6.4,6.4,6.9,8.7,4.8
地區醫院,1517030055,林森醫院,林森醫院,,台中市西區三民里三民路一段１５２－１號,4,22227800,3.4,2,4,6.2,5.5,3.1,5.3,4.2,4.6,4.4,5,4.8
地區醫院,1307370011,高雄市立旗津醫院(委託財團法人私立高雄醫學大學經營),市立旗津醫,,高雄市旗津區旗港路３３號,7,5711188,3.8,3.3,4.3,4,4.4,4.4,2.7,5.1,5.8,6.1,5.7,4.9
地區醫院,1537100012,伸港忠孝醫院,伸港忠孝,,彰化縣伸港鄉新港村忠孝路３０號,4,7991618,5.6,5.6,5.6,5.9,5.3,5.2,5.1,4.9,5.1,5.4,5.1,4.9
地區醫院,1512040051,新中興醫院,新中興醫院,,新竹市興南街４３號,3,5213163,5.2,2.8,3.9,5.4,6.4,6,5.8,6.1,4.3,5.1,5,5
地區醫院,1517080091,全民醫院,全民醫院,,台中市北屯區中清路二段５１６號,4,22916666,6.8,7,6,5.5,5.1,5,5,4.3,4.3,5.9,5.3,5
地區醫院,1539050015,蔡醫院,蔡醫院,,雲林縣土庫鎮中山路６４號,5,6622580,6.1,5.1,5.3,7.6,5,7.6,6.6,7.5,6.9,6.9,6.8,5
地區醫院,907030013,廣聖醫療社團法人廣聖醫院,廣聖醫療社,,高雄市旗山區中華路６１８號１-６樓,7,6622391,10.6,11,9.2,8.5,9.1,5.4,6.1,7.6,7.5,7.5,6.4,5.1
地區醫院,1502090209,吳昆哲婦產小兒科醫院,吳昆哲婦產,,高雄市前鎮區興東里民權二路４３０號,7,3319611,10,10.1,10.1,10.1,10,10.1,10,10.1,9,6,6.3,5.2
地區醫院,1507330011,七賢脊椎外科醫院,七賢脊椎外,,高雄市新興區七賢一路４２０號Ｂ１－８樓,7,2385878,5.2,5.2,4.9,4.6,4.9,3.9,4.5,3,4.5,5.9,5.5,5.2
地區醫院,1536181139,本堂澄清醫院,本堂澄清,,台中市霧峰區中正路７１８號,4,23390000,9,6.1,9.1,7.8,7.2,7,7.5,7.1,5.2,5.6,5.2,5.2
地區醫院,1146030516,佛教慈濟醫療財團法人關山慈濟醫院,關山慈濟醫,,台東縣關山鎮和平路１２５－５號,89,814880,4.8,5,4.6,6.4,6.6,4.7,5.3,4.1,5,4.7,5,5.3
地區醫院,1507290012,生安婦產小兒科醫院,生安婦產小,,高雄市鼓山區美術東二路１７７號Ｂ２－１１Ｆ,7,5223138,5.9,5.1,5.8,5.4,4.7,4.6,4.7,5.2,5.7,5.9,5.4,5.3
地區醫院,1522021255,慶昇醫院,慶昇醫院,,嘉義市西區新榮路３３９、３３９－１號地下１樓至地上７樓,5,2229191,7.3,7.8,7.5,7.6,7.8,7.4,7.7,7.7,7.7,7.8,7.6,5.3
地區醫院,943150016,皇安醫療社團法人小康醫院,小康醫院,,屏東縣新埤鄉新埤村新華路文化巷１８之１號,8,7973168,6.5,5.5,6.5,5.9,6.3,5.7,5.9,5.5,6,5.7,4.8,5.5
地區醫院,1541011126,營新醫院,營新醫院,,臺南市新營區隋唐街２２８號,6,6592345,6.1,6.3,5.2,6.5,5.3,6.9,6.1,7.8,7.4,5.1,6.1,5.6
地區醫院,1541070063,謝醫院,謝醫院,,臺南市善化區坐駕里中正路４３６號,6,5838200,4.5,3.2,1.5,0.8,1.3,0.5,1.4,3.9,3.6,5.2,5.4,5.6
地區醫院,903260015,順天醫療社團法人順天醫院,順天醫院,,臺中市北區三民路三段３３３號,4,22333676,5.2,5.4,6.8,5.3,7.8,6.9,6.2,7.3,6.3,5.9,5,5.7
地區醫院,943010026,安和醫療社團法人安和醫院,安和醫院,,屏東縣屏東市崇蘭里自由路５９８號,8,7651828,8.5,5.5,5.6,7,5.5,6.9,6.8,6.8,8,8.6,8.1,5.7
地區醫院,1502070118,健新醫院,健新醫院,,高雄市前金區七賢二路２９５號,7,2613866,7.6,6.7,8.8,6.7,6.7,6.5,7.5,6.8,7,6.6,8.3,5.7
地區醫院,1537010237,順安醫院,順安彰化醫,,彰化縣彰化市永福里光復路５３號,4,7229889,5.7,5.5,5.5,5.4,6.4,5.6,5.6,7.3,5.5,5.2,7.7,5.7
地區醫院,1539061072,北港仁一醫院,北港仁一醫,,雲林縣北港鎮公園路１５５號,5,7827666,9.2,5,9.3,7.5,8.9,8.8,10.2,6.3,5.5,8.5,7,5.7
地區醫院,211070012,基隆市立醫院,基隆市立醫,,基隆市信義區東信路２８２號,2,24652141,6.8,7,6.3,6.4,5.9,6,5.7,5.5,6,6.4,6.5,5.9
地區醫院,1507300013,博正醫院,博正醫院,,高雄市左營區博愛二路１００號地下１樓至５樓,7,5562212,6.6,6,7.2,6.5,6.3,6.7,6.4,6,6.2,7.5,7.3,5.9
地區醫院,1502111089,戴銘浚婦兒醫院,戴銘浚婦兒,,高雄市小港區宏平路６６１號１至７樓,7,8061289,5.2,6.7,5.5,5.9,5.7,5.8,5.5,5.8,6.2,7.8,4.9,6
地區醫院,1338030015,中國醫藥大學附設醫院草屯分院,中國醫草屯,,南投縣草屯鎮平等街１４０號,49,2321188,5.3,6.1,6.6,7.1,6.5,5.3,6.1,5.7,5.5,6.8,5.7,6.1
地區醫院,1531051127,新北仁康醫院,新北仁康醫,,新北市新店區安康路２段３２３號地上１至２樓,2,22152345,6.5,6.8,7.2,6.9,3.4,2.2,3.6,5.6,6.7,5.1,4.9,6.1
地區醫院,1543010190,民眾醫院,民眾醫院,,屏東縣屏東市忠孝路１２０之１號,8,7325455,7.6,6.1,6.9,6.7,7.2,7,6.9,6.4,7.1,7.5,6.4,6.1
地區醫院,1535040086,大眾醫院,大眾醫院,,苗栗縣竹南鎮照南里光復路304號,37,551479,8.7,5.4,5.5,8.2,11.2,4.5,7.2,6.5,8.1,6.7,7.4,6.2
地區醫院,1536151042,烏日澄清醫院,烏日澄清醫,,台中市烏日區前竹里光明路４１９號,4,23376232,5.5,5.5,7.5,5.6,4.9,2.4,6.3,7.9,7.1,6.7,6.4,6.3
地區醫院,1539061063,諸元內科醫院,諸元醫院,,雲林縣北港鎮中和里中山路１２５號,5,7832068,4.4,2.9,3.8,4.1,3.9,3.6,2.9,2,4.1,5.3,2.5,6.3
地區醫院,1502091313,正薪醫院,正薪醫院,,高雄市前鎮區一心一路233號1-3樓,7,9705335,6.3,4.8,5.8,4.9,7.4,6.1,5.3,8,7.4,8.4,7.5,6.4
地區醫院,1536190067,太平澄清醫院,太平澄清醫,,臺中市太平區中興路８８之７、９２、９４、９６號,4,22789900,8,7.5,10.2,6.5,8,7.4,6.4,4.7,5.4,5,7.8,6.5
地區醫院,401190010,國立臺灣大學醫學院附設醫院北護分院,北護分院,,台北市萬華區康定路３７號、台北市萬華區內江街８７號,2,23717101,6.2,5.9,7.7,7.5,6.6,6.7,7.9,7.8,7,7.1,7.3,6.6
地區醫院,1101110026,康寧醫療財團法人康寧醫院,康寧醫院,,台北市內湖區成功路５段４２０巷２６號,2,26345500,8.2,8.7,7.8,8.1,7.9,8.7,9.2,9.5,7.8,8.1,6.8,6.6
地區醫院,1531130052,廣川醫院,廣川醫院,,新北市土城區裕民路２７４、２７６、２７８號,2,22617000,4.8,4.9,7.1,5.6,5.7,6.2,5.5,6.2,4.9,5.7,5.4,6.6
地區醫院,1531131139,元復醫院,元復醫院,,新北市土城區中央路２段３１８－３２４號１－４樓,2,22661886,5.6,8.2,5.8,5.6,5.2,6.1,5.7,4.7,5.8,6,5.8,6.6
地區醫院,1101020027,中心診所醫療財團法人中心綜合醫院,中心綜合,,台北市大安區忠孝東路４段７７號,2,27510221,5.5,4.7,5.9,5.4,6.2,6,8,6.6,6.6,6.5,7.9,6.7
地區醫院,1542020058,劉嘉修醫院,劉嘉修醫院,,高雄市岡山區岡山路４２６及４２８號,7,6221231,5.1,4.4,8.8,6.2,6.8,7.4,4.8,3.8,4.7,5.9,6.4,6.8
地區醫院,1542110020,泰和醫院,泰和醫院,,高雄市橋頭區橋頭里成功路１０１號,7,6111128,6.9,5.4,5.2,6.2,7.7,10.3,7.7,7.6,10.8,6,5.4,7.1
地區醫院,943010035,優生醫療社團法人優生醫院,優生醫院,,屏東縣屏東市華山里瑞光路三段１０３號,8,7382222,5.9,6.6,6.3,6.2,6.8,7.2,7.4,8.1,7.8,7.5,7.4,7.2
地區醫院,1517051125,臺安醫院雙十分院,臺安雙十分,,臺中市北區雙十路二段29號,4,22268990,7.6,7.3,7.8,7,7.4,7.1,6.8,7.7,7.9,7.1,6,7.2
地區醫院,1542061148,瑞生醫院,瑞生醫院,,高雄市大寮區鳳林四路192號,7,7835175,3.3,3.4,4.6,6.3,6.5,6.1,6.6,6.7,6.2,5.9,6.1,7.3
地區醫院,937030012,道周醫療社團法人道周醫院,道周醫院,,彰化縣和美鎮和光路１８０號、和善路１１８號,4,7566995,9.2,9.8,10.3,8.1,10.7,9.8,7.6,8.4,6.6,6.4,8.7,7.4
地區醫院,1139130010,長庚醫療財團法人雲林長庚紀念醫院,長庚雲林,,雲林縣麥寮鄉中興村工業路１５００號,5,6915151,9,7,8.3,6.8,7.7,8.5,8.6,7.8,7.7,7.6,7.5,7.4
地區醫院,1146010032,東基醫療財團法人台東基督教醫院,台東基督教,,台東縣台東市開封街３５０號,89,960888,7.9,7.1,8.6,8.5,8.4,8.6,9.1,7.8,7.5,8.1,7.6,7.4
地區醫院,1543110024,聖恩內科醫院,聖恩內科醫,,屏東縣高樹鄉田子村勝利路１３２號,8,7966797,7.2,8.4,6.1,7.4,8,8.2,7.4,6.3,7.7,8.2,7.7,7.4
地區醫院,901180023,郵政總局郵政醫院（委託中英醫療社團法人經營）,郵政醫院,,臺北市中正區福州街１４號,2,23956755,6.1,4,8.3,8.7,7.9,6.5,7.6,6.1,6.2,7.4,7.5,7.5
地區醫院,938030016,佑民醫療社團法人佑民醫院,佑民醫院,,南投縣草屯鎮太平路一段２００號,49,2358151,8.2,8.2,8.4,8.2,7.9,8.4,9.4,8.7,8.4,7.8,8,7.5
地區醫院,943160012,枋寮醫療社團法人枋寮醫院,枋寮醫療社,,屏東縣枋寮鄉安樂村中山路１３９號,8,8789991,8,7.4,8.3,7.8,8.7,7.9,8,8.1,9.8,7.3,8.3,7.6
地區醫院,1239020011,天主教福安醫院,天主福安,,雲林縣斗南鎮北銘里文昌路１１０號,5,5952688,7.7,6.4,7.7,6.6,7.3,8.7,7.4,6.2,9.8,8,8.1,7.6
地區醫院,633030010,臺北榮民總醫院新竹分院,北榮新竹,,新竹縣竹東鎮中豐路１段８１號,3,5962134,12.4,12.2,12.3,12.6,13,12.9,12.8,11.3,10.6,11.2,10.6,7.7
地區醫院,1511010068,新昆明醫院,新昆明醫院,,基隆市中正區中正路３０號,2,24268106,4.3,4.8,4.8,6.2,7.2,5.8,6.2,4.8,5.3,6.7,6.2,7.7
地區醫院,1543020105,茂隆骨科醫院,茂隆骨科醫,,屏東縣潮州鎮朝昇路３２２號,8,7801915,9.1,9.4,10.4,8.5,10.1,9.9,10.7,10.2,5.7,9.9,7.8,7.7
地區醫院,645020015,臺北榮民總醫院鳳林分院,北榮鳳林,,花蓮縣鳳林鎮鳳信里中正路１段２號,3,8764539,9.1,8.2,7.2,7.5,7.7,7.5,7.3,8,8.4,9.1,6.4,7.8
地區醫院,1502050296,文雄醫院,文雄醫院,,高雄市三民區察哈爾二街１３２號地下１層地上１至５層,7,3165275,10.7,6.6,6.5,8.7,8.1,8.9,8,7.4,9.2,8.4,10.4,7.8
地區醫院,1503030010,順安醫院,順安醫院,,臺中市大甲區光明路６號,4,26862328,8.7,8.2,9.1,7.6,9,7.7,8.4,8.3,8.6,8.9,9,7.8
地區醫院,932020016,宏其醫療社團法人宏其婦幼醫院,宏其婦幼,,桃園市中壢區元化路223號,3,4618888,8.3,8,9,9.9,10.4,9.1,9,9.5,10.1,9.6,9.7,7.9
地區醫院,1137020520,彰化基督教醫療財團法人鹿港基督教醫院,彰基鹿基醫,,彰化縣鹿港鎮永安里中正路４８０號,4,7779595,8.3,8.6,8.1,9.1,9.1,9.5,9.5,8.3,8.4,8.7,8.3,7.9
地區醫院,1536011301,杏豐醫院,杏豐醫院,,台中市豐原區三民路１０６號,4,25234112,4.5,3.9,5.4,5.1,4.7,6,5.4,6.3,5.7,5.5,6.1,8
地區醫院,1502040021,健仁醫院,健仁醫院,,高雄市楠梓區中陽里楠陽路１３６號,7,3517166,8.1,8.3,9.1,8.7,8.5,9.1,9.2,8.8,8.3,8.9,9,8.1
地區醫院,1535010122,大川醫院,大川醫院,,苗栗縣苗栗市中正路４１６號,37,355909,7.2,8.9,7.1,8.8,9.1,9.3,9.4,8.7,9.2,9.3,7.9,8.1
地區醫院,1107350015,天主教聖功醫療財團法人聖功醫院,天主教聖功,,高雄市苓雅區建國一路３５２號,7,2238153,8.3,6.7,7.5,8.4,7.7,8.7,8.5,7.8,7.7,8.7,8.5,8.2
地區醫院,907350010,乃榮醫療社團法人乃榮醫院,乃榮醫療社,,高雄市苓雅區三多二路２２６.２２８號.地下１樓-５樓,-7,7613151,7.9,10.8,7.5,7,6.6,8.7,7.3,6.7,7.9,8.9,9,8.4
地區醫院,1436020013,東勢區農會附設農民醫院,東勢農民醫,,台中市東勢區南平里豐勢路２９７號,4,25771919,9.2,7.7,10.1,10,8.3,10.2,8.9,9.6,10.4,9.2,9.1,8.4
地區醫院,1501170039,仁康醫院,仁康醫院,,台北市信義區基隆路２段１３１－２４號,2,27360226,3.5,3.9,1.9,4.5,6.4,7.3,7,8.2,8.6,8.6,7.6,8.4
地區醫院,1435010013,財團法人臺灣省私立桃園仁愛之家附設苗栗新生醫院,仁愛新生苗,,苗栗縣苗栗市維新里新東街１１７號,37,320988,8.5,8.8,8.1,8.8,9.4,9.1,9.4,8.5,7.5,8.5,8.5,8.5
地區醫院,1112010528,國泰醫療財團法人新竹國泰綜合醫院,國泰新竹,,新竹市東區福德里中華路二段678號及678號之1,3,5278999,8.1,7.7,8.4,8.7,8.5,8.7,8.4,8.3,8,8.4,7.8,8.6
地區醫院,1538041101,竹山秀傳醫院,竹山秀傳醫,,南投縣竹山鎮山崇里集山路２段７５號,49,2624266,9.5,8.1,8.8,9.6,9.4,10.1,9.9,9.2,9,8.8,8.4,8.6
地區醫院,717070516,法務部矯正署臺中監獄附設培德醫院,培德醫院,,台中市南屯區培德路九號,4,22052121,8.3,7.8,8.4,8,8.8,9.1,11,9.1,9.5,9.8,8.8,8.7
地區醫院,1137080017,彰化基督教醫療財團法人二林基督教醫院,彰基二林醫,,彰化縣二林鎮南光里大成路一段５５８號、安和街４０巷２８號２樓,4,8952031,8.5,9.2,9.2,9.1,9.5,9.5,9.5,9.1,8.9,9.4,9.2,8.8
地區醫院,1521041137,開元寺慈愛醫院,開元寺慈愛,,台南市北區北園街８９－１號,6,2384111,12.2,12.6,12.6,11,12.3,8.7,10.6,10.1,12.2,8.3,11.6,8.8
地區醫院,1517020040,台新醫院,台新醫院,,台中市東區東信里振興路４３９－３號及４４１號,4,22139966,6.5,4.9,5.7,6.2,6.9,8.1,9.5,6,5.3,6.2,7,9
地區醫院,1531020122,宏仁醫院,宏仁醫院,,新北市三重區三和路２段１８６－１９６號,2,29784022,9.1,7.6,8.1,8.8,9.6,9.9,9.1,9.4,9.7,9.3,9.7,9
地區醫院,544010031,三軍總醫院澎湖分院附設民眾診療服務處,三軍澎湖,,澎湖縣馬公市前寮里９０號,6,9211116,9.6,8.9,9,9.5,9.5,9.8,8.9,8.5,8.4,8.1,9.2,9.1
地區醫院,1502051435,宏明醫院,宏明醫院,,高雄市三民區建國三路４１５號,7,2722451,6.5,8.4,6.7,6.8,5.9,3.7,4.8,7,9.6,9.1,7.7,9.1
地區醫院,1503010018,惠盛醫院,惠盛醫院,,臺中市豐原區中正路２６８號,4,25229100,7.9,2,3.6,5.1,6.5,6.1,5.2,5.6,7.2,7.3,6.8,9.1
地區醫院,937050014,伍倫醫療社團法人員榮醫院,伍倫員榮醫,,彰化縣員林市中正路２０１號,4,8326161,11.1,11.6,12.2,11.8,12.7,12.7,12,12.2,11.7,11.4,11.3,9.4
地區醫院,141060513,衛生福利部臺南醫院新化分院,台南新化分,,臺南市新化區那拔里牧場７２號,6,5911929,7.1,5.5,7.8,6.8,8.1,9.2,8,8.2,9,10.2,9.3,9.5
地區醫院,1522011115,陽明醫院,陽明醫院,,嘉義市東區吳鳳北路２５２號,5,2252000,10.6,8.5,10.1,10.7,10.7,9.7,10.2,7.7,7.8,11.2,10.3,9.5
地區醫院,145010019,衛生福利部花蓮醫院,花蓮醫院,,花蓮縣花蓮市中正路６００號,3,8358141,10.9,10.3,9.8,10.6,10.9,10.6,10.9,10.7,10.4,10.9,10.9,9.6
地區醫院,439010527,國立成功大學醫學院附設醫院斗六分院,成大斗六,,雲林縣斗六市莊敬路３４５號,5,5332121,11.2,10,11,11.3,11,10.9,11.5,10.3,10,10.2,10.5,9.6
地區醫院,1512011185,南門綜合醫院,南門醫院,,新竹市東區林森路２０號,3,5261122,8.4,6.6,8.3,9,9.1,8.6,9.7,9.6,9.5,9.2,9.2,9.6
地區醫院,1531021174,祐民醫院,祐民醫院,,新北市三重區重新路２段２、６號，地下１層至地上９層,2,29783456,9.3,8.7,8.8,8.5,8.8,9.5,8.7,9.3,9.6,10,9.4,9.6
地區醫院,511040010,三軍總醫院附設基隆民眾診療服務處,三總附基隆,,基隆市中正區正榮街１００號，仁愛區孝二路３９號,2,24633330,10.3,10.4,9.5,9.1,9.2,9.3,9.1,9.1,9.4,9.8,9.1,9.7
地區醫院,1517011103,第一醫院,第一醫院,,台中市中區民族路一八四號,4,22221122,8.5,8.1,8.2,7.6,8.6,8.5,8.5,8.6,9.7,9.6,8.9,9.7
地區醫院,1531060180,新泰綜合醫院,新泰綜合院,,新北市新莊區新泰路１５７號,2,29962121,9,8.3,10.7,10.4,9.6,9.7,9.2,9.9,9.4,10.1,9.2,9.7
地區醫院,1536100081,清泉醫院,清泉醫院,,臺中市大雅區三和里雅潭路四段８０號,4,25605600,10.4,10.6,11.4,11,12.5,12.7,13,9.7,9,9.7,11.3,9.8
地區醫院,131060010,衛生福利部樂生療養院,樂生療養院,,新北市新莊區中正路７９４號、桃園縣龜山鄉萬壽路１段５０巷２號,2,82006600,9.5,9.2,8.9,8.8,8.8,8.9,9.3,8.6,9,8.8,10.2,10
地區醫院,1535051178,重光醫院,重光醫院,,苗栗縣頭份市中華路1037、1039、1041、1043號,37,597307,9.4,8.9,11.5,10.2,10.2,12.2,11.4,10.7,9.7,10.8,10.1,10.1
地區醫院,1537010111,漢銘醫院,漢銘醫院,,彰化縣彰化市南興里中山路一段３６６號,4,7113456,9.6,9.9,9.8,10.2,10.2,10.9,10.6,10,10.5,10.9,10.2,10.1
地區醫院,1542020067,劉光雄醫院,劉光雄醫院,,高雄市岡山區岡山路３８０－１號,7,6219156,11.1,11.1,11.1,11,11,11.1,11.1,10.1,9,9.1,7.2,10.1
地區醫院,935020027,李綜合醫療社團法人苑裡李綜合醫院,李綜合苑裡,,苗栗縣苑裡鎮和平路168號、苗栗縣苑裡鎮中華路137號,37,862387,10.2,8,10.2,10.2,10.1,10.6,10,10.3,10,10.2,9.7,10.3
地區醫院,641310018,高雄榮民總醫院臺南分院,高榮台南,,臺南市永康區復興里復興路４２７號,6,3125101,12.4,11.4,12.8,12.1,11.6,13,11.1,11.3,12.7,12.2,10.8,10.4
地區醫院,1511011092,維德醫院,維德醫院,,基隆市中正區調和街２１０號,2,24696688,10.7,10.1,9.5,10.9,12.2,9.6,10,9.3,10.4,13.4,10.5,10.5
地區醫院,922020013,仁德醫療社團法人陳仁德醫院,陳仁德醫院,,嘉義市西區林森西路２８５號,5,2258279,9.8,13.1,12,12.3,12.4,11.7,12.1,9.6,11.9,9.1,10,10.6
地區醫院,1336010015,中國醫藥大學附設醫院豐原分院,中國豐原分,,台中市豐原區中正路１９９號,4,25222538,11.2,10.4,9.7,9.7,8.8,9.8,7.5,8.1,8.4,10.8,10.9,10.6
地區醫院,1301110511,中國醫藥大學附設醫院臺北分院,中國醫臺北,,台北市內湖區內湖路２段３６０號,2,27919696,10.4,9.2,10.6,10.9,10,9.9,10,10.6,9.6,10.5,10.1,10.7
地區醫院,1536201065,新菩提醫院,新菩提醫院,,台中市大里區中興路２段６２１號,4,24829966,11.3,11.6,12,11.3,11.1,10.6,10.3,8.7,9.5,13.1,10.3,10.7
地區醫院,1542050056,建佑醫院,建佑醫院,,高雄市林園區東林西路３６０，３６２號，３９９號，４０７巷７號,7,6437901,11.8,12.5,11.9,11.6,11.6,11.1,11.4,10.8,11.2,11.3,11.2,10.8
地區醫院,122020517,衛生福利部嘉義醫院,嘉義醫院,,嘉義市西區福全里北港路３１２號,5,2319090,10.5,9.3,9.1,9.9,10.8,11.3,11.3,9.9,10.6,10.9,11.6,11
地區醫院,144010015,衛生福利部澎湖醫院,澎湖醫院,,澎湖縣馬公市啟明里中正路１０號,6,9261151,11.9,12.1,12.8,12.4,11.4,12,12,11.4,11,10.6,9.9,11
地區醫院,1502050170,祐生醫院,祐生醫院,,高雄市三民區鳳北里建國三路６０號,7,2866688,11.5,9.8,11.6,10,9.6,10.9,10.9,12.7,13.1,9.3,9.1,11.1
地區醫院,1502110064,安泰醫院,安泰醫院,,高雄市小港區學府路１１１號,7,8017856,7.6,6.7,8.1,7.9,8.8,8.5,9.3,8.1,6.6,10.1,10.4,11.1
地區醫院,512040014,國軍新竹地區醫院附設民眾診療服務處,國軍新竹醫,,新竹市北區武陵路３號,3,5348181,11.2,9.1,9.9,10.8,11,11.7,11.4,11.3,10.7,11.4,11.5,11.2
地區醫院,433030016,國立臺灣大學醫學院附設醫院竹東分院,臺大竹東,,新竹縣竹東鎮至善路５２號,3,5943248,10.4,10.4,10.9,10.6,10.4,10.7,10.7,10.2,10.7,11.1,10.9,11.4
地區醫院,1539010048,洪揚醫院,洪揚醫院,,雲林縣斗六市文化路１３８號,5,5323039,13.5,9.1,12.2,12.2,10,11.6,11.9,10.4,9.3,12.8,11.4,11.5
地區醫院,190030516,衛生福利部金門醫院,衛福部金門,,金門縣金湖鎮復興路２號,82,332546,12,10.4,11.3,11.7,11.4,12.6,12,10.4,11.6,11.6,11,11.7
地區醫院,1231030015,天主教耕莘醫療財團法人永和耕莘醫院,永和耕莘,,新北市永和區中興街８０號Ｂ１-７樓、國光路１２３號Ｂ３-１１樓,2,29286060,12,11.5,11.7,12.1,12,12.4,12.4,11.5,11.6,11.4,11.3,12
地區醫院,1133060019,天主教仁慈醫療財團法人仁慈醫院,湖口仁慈,,新竹縣湖口鄉孝勢村忠孝路２９號,3,5993500,11.7,10.8,10.6,11.8,11.7,11.5,11.6,11.9,12.8,13,11.9,12.1
地區醫院,141010013,衛生福利部新營醫院,新營醫院,,臺南市新營區忠政里信義街７３號,6,6351131,13.6,11.5,12.6,10.2,10.2,13.5,13.5,11.7,10.5,11.8,12.9,12.2
地區醫院,1543040036,南門醫院,南門醫院,,屏東縣恆春鎮南門路１０號,8,8894568,12.5,12.8,13.4,11.5,9.9,10.5,10.9,11.3,11.6,10.7,11.6,12.5
地區醫院,640140012,臺中榮民總醫院灣橋分院,中榮灣橋,,嘉義縣竹崎鄉灣橋村石麻園３８號,5,2791072,13.2,13.8,12.6,13.5,13.8,13.3,12.9,12.5,13,13.3,13.1,12.9
地區醫院,146010013,衛生福利部台東醫院,台東醫院,,台東縣台東市五權街１號,89,324112,12.3,9.6,12.3,11.3,11.9,11.4,12.2,10,10.2,10.9,10.6,13.3
地區醫院,1441060010,財團法人台灣省私立台南仁愛之家附設精神療養院,仁愛之家,,臺南市新化區中山路２０號,6,5902336,0,0,0,0,0,0,0,0,0,,0,0
地區醫院,1522021237,世華醫院,世華醫院,,嘉義市西區仁愛路３６５號,5,2257525,0,0,0,0,0,0,0,0,0,,0,0
地區醫院,1539010057,安生醫院,安生醫院,,雲林縣斗六市仁愛里永樂街１２０號,5,5353955,5,1.5,2,1.5,2.5,0.5,4,3,0.5,,1.5,0.8
地區醫院,1503030047,美德醫院,美德醫院,,臺中市大甲區幸福里長安路２０號,4,23693568,14.8,5.6,1,2.9,3,3.8,4.8,3.8,2.7,6.2,10.2,9.4
地區醫院,517050010,國軍台中總醫院附設民眾診療服務處中清分院,國軍中清分,,台中市北區忠明路５００號,4,22037320,8.9,8.2,6.8,9.1,9.5,9.7,9.4,8.2,8.7,14.6,11.2,10.7
地區醫院,542020011,國軍高雄總醫院岡山分院附設民眾診療服務處,國軍岡山醫,,高雄市岡山區大義二路１號,7,6250919,10.9,14.2,11.2,11.1,11.6,11.2,10,9.8,10.3,11.3,12.1,10.8
地區醫院,1537051274,皓生醫院,皓生醫院,,彰化縣員林市中正里萬年路３段１３３號,4,8379560,9.9,10.2,11.4,8.7,12.3,15,9.9,10.5,12.9,10.5,13.5,12.9
地區醫院,1532101117,秉坤婦幼醫院,秉坤,,桃園市平鎮區延平路二段129號,3,4025866,9.4,9.2,10.1,10.7,10.3,10.7,9.6,10.5,10.7,9.4,8.3,23.6
地區醫院,1305370013,臺南市立安南醫院－委託中國醫藥大學興建經營,市立安南,,臺南市安南區長和路二段６６號,6,3553111,9.1,7.5,8.2,8.7,8.5,9.1,8,7.6,9.8,8.9,8.9
地區醫院,1501201020,景美醫院,景美醫院,,台北市文山區羅斯福路６段２８０號,2,29331010,9.6,10.8,9.3,9.2,9.5,9.4,9.2,9.4,8.9,8.7,8.9,9
地區醫院,1521051160,永和醫院,永和醫院,,台南市中區福安里府前路一段３０４巷２號,6,2231191,5.4,5.1,5.4,5.2,5.7,6.8,5.1,6.2,5.9,6.3,5.8
地區醫院,1532011136,福太醫院,福太醫院,,桃園市桃園區民族路８５號,3,3358226,11.2,9.8,11.2,10.2,8.3,7.2,9.6,8.5,8.1,8.9,11.3
地區醫院,1535011156,弘大醫院,弘大醫院,,苗栗縣苗栗市新東街１２５號,37,361188,10.4,10.7,12.9,9,11.1,11.1,10.1,11,10.5,10.5,11.8
地區醫院,1531010082,板新醫院,板新醫院,,新北市板橋區中正路１８９號,2,29609955,0,0,0,0,0,0,0,0,0,,,0
地區醫院,291010010,連江縣立醫院,連江醫院,,連江縣南竿鄉復興村２１７號,83,623995,5.1,2.6,4.8,4.6,4.2,4.9,4.3,5.2,3.5,5.2,,2.6
地區醫院,1531060073,新莊英仁醫院,新莊英仁,,新北市新莊區大觀街４６－２號,2,29916363,7,7,7,6.2,6.2,7.5,7.5,6.7,6.7,5.2,5.2,5.2
地區醫院,1532040039,天成醫院,天成醫院,,桃園市楊梅區新成路１９６號、中山北路一段３５６號,3,4782350,9.1,6.7,9.7,14.8,14.4,13.7,8.6,9.4,8.3,8.8,7.5,8.1
地區醫院,1401190039,同仁院醫療財團法人萬華醫院,萬華醫院,,台北市萬華區中華路２段６０６巷６號,2,23059292,0,0,0,0,0,0,0,0,0,0
地區醫院,1501101141,泰安醫院,泰安醫院,,台北市中山區民權東路２段９２巷２－１號（地下１樓至地上６樓）,2,25251111,0,0,0,0,0,0,0,0,0,0
地區醫院,1543011277,國新醫院,國新醫院,,屏東縣屏東市福建路１７號,8,7345767,0.4,0.3,0.3,0.5,0.6,0.3,0.6,0,0,0
地區醫院,1505310011,璟馨婦幼醫院,璟馨醫院,,臺南市永康區東橋里東橋七路１９８號,6,3023366,,,6.4,8.5,7.7,7.7,7.3,8.8,9.3,4,,3.4
地區醫院,1411030013,醫療財團法人臺灣區煤礦業基金會臺灣礦工醫院,臺灣礦工,,基隆市暖暖區源遠路２９號,2,24579101,14.1,14,14.2,11.9,11.9,12,11.6,11.4,10.5,11.7,13.9,10.4
地區醫院,141270019,衛生福利部胸腔病院,胸腔病院,,臺南市仁德區中山路８６４號,6,2705911,12.2,10.6,13.5,13.9,13.2,14.3,12.1,11.9,13.8,14.9,14.7,13.5
地區醫院,431270012,國立臺灣大學醫學院附設醫院金山分院,台大金山,,新北市金山區五湖里玉爐路７號,2,24989898,5.7,5,7.7,8.5,6.5,6.4,5.9,6.1,7.5,7.4,6.2,6.9
地區醫院,1401190011,財團法人台灣省私立台北仁濟院附設仁濟醫院,仁濟醫院,,台北市萬華區廣州街２００、２４３號,2,23021133,1.3,0.6,2.9,1.1,1.5,2,2.7,1.9,1.8
地區醫院,1507350013,聖和醫院,聖和醫院,,高雄市前金區青年二路６號１－４樓,7,2514117,4.1,4.3,3.9,6.1,6.8,4.2,5.8,3.6,0
地區醫院,1531041292,佑林醫院,佑林醫院,,新北市中和區中山路３段７１，７３號１４樓,2,22545059,9.9,11.9,12,12.8,12.6,8,7.7,8.5,3
地區醫院,1531120038,瑞芳礦工醫院,瑞芳礦工醫,,新北市瑞芳區一坑路７１之２號,2,24974101,3.7,2.4,3.4,3.3,4.1,3.6,2.8,2.1,2.8,4.1,3.5,2.8
地區醫院,1531130105,仁安醫院,仁安醫院,,新北市土城區中央路１段６２．６４號,2,22627088,0.5,0.4,0.4,0.4,0.8,0.3,0.2,0.5,0.3
地區醫院,941010019,新興醫療社團法人新興醫院,新興醫院,,臺南市新營區中興路１０號,6,6330011,12.4,12.9,13.2,13.5,13.5,13.5,14.1,13.4,13.6,14.4,14.2,14.4
地區醫院,1536101113,大雅澄清醫院,大雅澄清醫,,台中市大雅區員林里中清路３段２４２號,4,25677722,0.5,0.5,0.3,0.4,0.5,0.4,0.1,0
地區醫院,1532021383,懷寧醫院,懷寧醫院,,桃園市中壢區志廣路１１９號，地下4樓至地上3樓，5樓，10樓11樓,3,4919119,,,,,,4,4,4,4,4,4.9,4.7
地區醫院,132110519,衛生福利部桃園醫院新屋分院,桃園新屋,,桃園市新屋區新屋村14鄰新福二路６號,3,4971989,17.5,12.3,14.6,14.2,14.4,13,11.7,12,11.4,11.6,12.8,14.4
地區醫院,1531011356,德全醫院,德全醫院,,新北市板橋區民權路５號１－２樓、７號１、２、４樓、９號,2,29613730,5.3,5.3,4.8,4.6,5.1,5.4,1.5
地區醫院,1502060014,蕭志文醫院,蕭志文醫院,,高雄市新興區七賢一路１０２號,7,2240252,,,,,,,0,0.6,0.9,0,0.2,0.5
地區醫院,1537010219,成美醫院,成美醫院,,彰化縣彰化市信義里三民路５６號及７７號１－２樓,4,7273127,14.3,12.9,14.3,13.6,15.2,13.8,13.5,17.5,15.5,14.8,13.3,13.4
地區醫院,1502041117,右昌聯合醫院,右昌聯合醫,,高雄市楠梓區軍校路９３０號Ｂ１至９樓,7,3643388,15.7,14.1,13.3,13.8,14.1,13.8,14,14.2,15.7,13,13.3,13.9
地區醫院,1542011246,仁惠婦幼醫院,仁惠婦幼醫,,高雄市鳳山區自由路８１號,7,7104397,0,,,,,,,,0,0,0,0
地區醫院,1107120017,義大醫療財團法人義大癌治療醫院,義大癌治療,,高雄市燕巢區角宿里義大路２１號,7,6150022,,,,,,,,,6.2,8.9,8.5,8.4
地區醫院,1501010010,博仁綜合醫院,博仁醫院,,台北市松山區光復北路６６、６８號,2,25786677,13.7,13.4,14.2,14.1,14.5,14.2,14.5,14.5,15,14.2,14.9,13.1
地區醫院,1535011183,大千綜合醫院南勢分院,大千南勢,,苗栗縣苗栗市南勢里南勢52號,37,369936,13.1,12.5,14.4,14,13.8,14.1,14.2,14.3,14.8,14.2,14.2,14.2
地區醫院,1202080010,財團法人天主教聖功醫院,天主教聖功,,高雄市苓雅區民主里建國一路３５２號,7,2238153,8.3,6.7,7.5
地區醫院,1502090138,二聖醫院,二聖醫院,,高雄巿前鎮區竹東里二聖一路７１號,7,7117366,3.8,1.6,3.2
地區醫院,1507010014,新高鳳醫院,新高鳳醫院,,高雄市鳳山區光遠路３６０號１－７樓,7,7472320,,,,,,,,,,,4.2,5.6
地區醫院,935010012,梓榮醫療社團法人弘大醫院,梓榮弘大,,苗栗縣苗栗市新東街１２５號,37,361188,,,,,,,,,,,10.8,12.2
地區醫院,1501010029,培靈醫院,培靈醫院,,台北市松山區八德路４段３５５號,2,27606116,14.2,13.9,14.3,14.2,14.2,14.1,14.2,14.3,14.3,14.2,4.1,14.1
地區醫院,1417030017,財團法人台灣省私立台中仁愛之家附設靜和醫院,靜和醫院,,台中市西區吉龍里南屯路一段１５８號,4,23711129,15,16.7,15.6,14.2,16.1,14.6,13.4,14.6,15.8,16.2,13.8,15.3
地區醫院,1507340035,活力得中山脊椎外科醫院,活力得中山,,高雄市前金區青年二路６號地上１至３層,7,2317108,,,,,,,,,,,,1.4
地區醫院,1503290025,茂盛醫院,茂盛醫院,,臺中市北屯區昌平路一段３０－６號（１樓至４樓）,4,22347057,,,,,,,,,,,,4.1
地區醫院,1532060031,居善醫院,居善醫院,,桃園市大園區南港里大觀路９１０號,3,3866511,16.1,14.4,16,16.2,14.8,14.7,14.8,14.3,13.9,14.6,14.9,14.6
地區醫院,1502020056,聖明醫院,聖明醫院,,高雄市鼓山區忠正里鼓山三路５２號,7,5313755,,,,,,,,,,0
地區醫院,1543010172,優生婦產科醫院,優生婦產科,,屏東縣屏東市華山里瑞光路三段１０３號,8,7382222,,,,,,,,,7.8
地區醫院,1531101104,北新醫院,北新醫院,,新北市淡水區忠寮里演戲埔腳１－２號,2,26209199,14.9,14.9,14.9,14.9,16,14.9,14.8,15.8,14.4,14.5,14.4,14.4
,,,,,,,,,,,,,,,,,,,,,,,,,,,,
